rsi_long,rsi_short,stop_atr,take_atr,holding,spread_pips,max_leverage_cap,accountCurrency,initialCapitalEUR,finalCapitalEUR,totalReturn,winRate,maxDrawdown,profitFactor,totalTrades,sharpe,sortino,avgTradeEUR,exposurePct,avgLeverage,maxLeverageUsed,leveragedTrades
52.0,48.0,1.2,1.8,3,0.4,1.0,EUR,10000.0,10466.78,4.6678,58.33,1.2506,1.8443,36,1.7861,2.5403,12.97,66.14,0.788,1.0,0
52.0,48.0,1.2,1.8,3,0.4,2.0,EUR,10000.0,10470.94,4.7094,58.33,1.252,1.8245,36,1.7473,2.4388,13.08,66.14,0.813,1.151,8
52.0,48.0,1.2,1.8,3,0.4,3.0,EUR,10000.0,10470.94,4.7094,58.33,1.252,1.8245,36,1.7473,2.4388,13.08,66.14,0.813,1.151,8
52.0,48.0,1.2,1.8,3,0.8,1.0,EUR,10000.0,10458.87,4.5887,58.33,1.2524,1.8254,36,1.7559,2.5239,12.75,66.14,0.788,1.0,0
52.0,48.0,1.2,1.8,3,0.8,2.0,EUR,10000.0,10462.81,4.6281,58.33,1.2538,1.8057,36,1.7173,2.423,12.86,66.14,0.813,1.152,8
52.0,48.0,1.2,1.8,3,0.8,3.0,EUR,10000.0,10462.81,4.6281,58.33,1.2538,1.8057,36,1.7173,2.423,12.86,66.14,0.813,1.152,8
52.0,48.0,1.2,1.8,3,1.5,1.0,EUR,10000.0,10451.19,4.5119,58.33,1.2555,1.8126,36,1.7283,2.5465,12.53,66.14,0.786,1.0,0
52.0,48.0,1.2,1.8,3,1.5,2.0,EUR,10000.0,10454.74,4.5474,58.33,1.2569,1.7924,36,1.6894,2.4436,12.63,66.14,0.811,1.152,8
52.0,48.0,1.2,1.8,3,1.5,3.0,EUR,10000.0,10454.74,4.5474,58.33,1.2569,1.7924,36,1.6894,2.4436,12.63,66.14,0.811,1.152,8
52.0,48.0,1.2,1.8,3,2.0,1.0,EUR,10000.0,10438.85,4.3885,58.33,1.2577,1.7849,36,1.6814,2.4989,12.19,66.14,0.784,1.0,0
52.0,48.0,1.2,1.8,3,2.0,2.0,EUR,10000.0,10442.12,4.4212,58.33,1.2591,1.7651,36,1.6431,2.3967,12.28,66.14,0.809,1.153,8
52.0,48.0,1.2,1.8,3,2.0,3.0,EUR,10000.0,10442.12,4.4212,58.33,1.2591,1.7651,36,1.6431,2.3967,12.28,66.14,0.809,1.153,8
52.0,48.0,1.2,1.8,5,0.4,1.0,EUR,10000.0,10292.1,2.921,51.72,1.8422,1.5759,29,1.0421,1.4227,10.07,71.43,0.788,1.0,0
52.0,48.0,1.2,1.8,5,0.4,2.0,EUR,10000.0,10296.78,2.9678,51.72,1.9012,1.5703,29,1.0347,1.4048,10.23,71.43,0.808,1.17,5
52.0,48.0,1.2,1.8,5,0.4,3.0,EUR,10000.0,10296.78,2.9678,51.72,1.9012,1.5703,29,1.0347,1.4048,10.23,71.43,0.808,1.17,5
52.0,48.0,1.2,1.8,5,0.8,1.0,EUR,10000.0,10286.37,2.8637,51.72,1.8492,1.5617,29,1.0221,1.4042,9.87,71.43,0.788,1.0,0
52.0,48.0,1.2,1.8,5,0.8,2.0,EUR,10000.0,10290.92,2.9092,51.72,1.9084,1.5561,29,1.0149,1.3864,10.03,71.43,0.809,1.17,5
52.0,48.0,1.2,1.8,5,0.8,3.0,EUR,10000.0,10290.92,2.9092,51.72,1.9084,1.5561,29,1.0149,1.3864,10.03,71.43,0.809,1.17,5
52.0,48.0,1.2,1.8,5,1.5,1.0,EUR,10000.0,10276.36,2.7636,51.72,1.8616,1.5373,29,0.9871,1.3753,9.53,71.43,0.788,1.0,0
52.0,48.0,1.2,1.8,5,1.5,2.0,EUR,10000.0,10272.92,2.7292,51.72,1.9211,1.5171,29,0.9592,1.321,9.41,71.43,0.806,1.074,5
52.0,48.0,1.2,1.8,5,1.5,3.0,EUR,10000.0,10272.92,2.7292,51.72,1.9211,1.5171,29,0.9592,1.321,9.41,71.43,0.806,1.074,5
52.0,48.0,1.2,1.8,5,2.0,1.0,EUR,10000.0,10269.21,2.6921,51.72,1.8704,1.5201,29,0.9621,1.3538,9.28,71.43,0.789,1.0,0
52.0,48.0,1.2,1.8,5,2.0,2.0,EUR,10000.0,10265.62,2.6562,51.72,1.9301,1.5001,29,0.9341,1.2994,9.16,71.43,0.806,1.074,5
52.0,48.0,1.2,1.8,5,2.0,3.0,EUR,10000.0,10265.62,2.6562,51.72,1.9301,1.5001,29,0.9341,1.2994,9.16,71.43,0.806,1.074,5
52.0,48.0,1.2,1.8,8,0.4,1.0,EUR,10000.0,10235.74,2.3574,48.15,1.6136,1.4015,27,0.8439,1.1795,8.73,78.84,0.776,1.0,0
52.0,48.0,1.2,1.8,8,0.4,2.0,EUR,10000.0,10226.56,2.2656,48.15,1.6726,1.3784,27,0.8051,1.1121,8.39,78.84,0.792,1.085,5
52.0,48.0,1.2,1.8,8,0.4,3.0,EUR,10000.0,10226.56,2.2656,48.15,1.6726,1.3784,27,0.8051,1.1121,8.39,78.84,0.792,1.085,5
52.0,48.0,1.2,1.8,8,0.8,1.0,EUR,10000.0,10219.64,2.1964,48.15,1.6178,1.3726,27,0.7926,1.1057,8.13,78.84,0.773,1.0,0
52.0,48.0,1.2,1.8,8,0.8,2.0,EUR,10000.0,10221.74,2.2174,48.15,1.677,1.3689,27,0.7884,1.0933,8.21,78.84,0.792,1.086,5
52.0,48.0,1.2,1.8,8,0.8,3.0,EUR,10000.0,10221.74,2.2174,48.15,1.677,1.3689,27,0.7884,1.0933,8.21,78.84,0.792,1.086,5
52.0,48.0,1.2,1.8,8,1.5,1.0,EUR,10000.0,10213.87,2.1387,44.44,1.6251,1.3617,27,0.7774,1.1035,7.92,78.84,0.77,1.0,0
52.0,48.0,1.2,1.8,8,1.5,2.0,EUR,10000.0,10216.77,2.1677,44.44,1.6846,1.3601,27,0.7785,1.0976,8.03,78.84,0.785,1.086,5
52.0,48.0,1.2,1.8,8,1.5,3.0,EUR,10000.0,10216.77,2.1677,44.44,1.6846,1.3601,27,0.7785,1.0976,8.03,78.84,0.785,1.086,5
52.0,48.0,1.2,1.8,8,2.0,1.0,EUR,10000.0,10209.09,2.0909,44.44,1.6304,1.3523,27,0.7627,1.0899,7.74,78.84,0.766,1.0,0
52.0,48.0,1.2,1.8,8,2.0,2.0,EUR,10000.0,10201.53,2.0153,44.44,1.6901,1.333,27,0.7328,1.0289,7.46,78.84,0.781,1.087,5
52.0,48.0,1.2,1.8,8,2.0,3.0,EUR,10000.0,10201.53,2.0153,44.44,1.6901,1.333,27,0.7328,1.0289,7.46,78.84,0.781,1.087,5
52.0,48.0,1.5,2.2,3,0.4,1.0,EUR,10000.0,10364.72,3.6472,60.61,1.2134,1.9342,33,1.6285,2.1171,11.05,65.08,0.651,0.896,0
52.0,48.0,1.5,2.2,3,0.4,2.0,EUR,10000.0,10364.72,3.6472,60.61,1.2134,1.9342,33,1.6285,2.1171,11.05,65.08,0.651,0.896,0
52.0,48.0,1.5,2.2,3,0.4,3.0,EUR,10000.0,10364.72,3.6472,60.61,1.2134,1.9342,33,1.6285,2.1171,11.05,65.08,0.651,0.896,0
52.0,48.0,1.5,2.2,3,0.8,1.0,EUR,10000.0,10365.0,3.65,60.61,1.1468,1.9457,33,1.6399,2.199,11.06,65.08,0.648,0.877,0
52.0,48.0,1.5,2.2,3,0.8,2.0,EUR,10000.0,10365.0,3.65,60.61,1.1468,1.9457,33,1.6399,2.199,11.06,65.08,0.648,0.877,0
52.0,48.0,1.5,2.2,3,0.8,3.0,EUR,10000.0,10365.0,3.65,60.61,1.1468,1.9457,33,1.6399,2.199,11.06,65.08,0.648,0.877,0
52.0,48.0,1.5,2.2,3,1.5,1.0,EUR,10000.0,10362.38,3.6238,60.61,1.1516,1.9507,33,1.6368,2.2801,10.98,65.08,0.645,0.877,0
52.0,48.0,1.5,2.2,3,1.5,2.0,EUR,10000.0,10362.38,3.6238,60.61,1.1516,1.9507,33,1.6368,2.2801,10.98,65.08,0.645,0.877,0
52.0,48.0,1.5,2.2,3,1.5,3.0,EUR,10000.0,10362.38,3.6238,60.61,1.1516,1.9507,33,1.6368,2.2801,10.98,65.08,0.645,0.877,0
52.0,48.0,1.5,2.2,3,2.0,1.0,EUR,10000.0,10351.55,3.5155,60.61,1.1551,1.915,33,1.5881,2.2273,10.65,65.08,0.642,0.878,0
52.0,48.0,1.5,2.2,3,2.0,2.0,EUR,10000.0,10351.55,3.5155,60.61,1.1551,1.915,33,1.5881,2.2273,10.65,65.08,0.642,0.878,0
52.0,48.0,1.5,2.2,3,2.0,3.0,EUR,10000.0,10351.55,3.5155,60.61,1.1551,1.915,33,1.5881,2.2273,10.65,65.08,0.642,0.878,0
52.0,48.0,1.5,2.2,5,0.4,1.0,EUR,10000.0,10283.5,2.835,68.0,1.5562,1.9617,25,1.2731,1.7969,11.34,70.9,0.638,0.881,0
52.0,48.0,1.5,2.2,5,0.4,2.0,EUR,10000.0,10283.5,2.835,68.0,1.5562,1.9617,25,1.2731,1.7969,11.34,70.9,0.638,0.881,0
52.0,48.0,1.5,2.2,5,0.4,3.0,EUR,10000.0,10283.5,2.835,68.0,1.5562,1.9617,25,1.2731,1.7969,11.34,70.9,0.638,0.881,0
52.0,48.0,1.5,2.2,5,0.8,1.0,EUR,10000.0,10278.78,2.7878,68.0,1.5606,1.9418,25,1.2522,1.7798,11.15,70.9,0.638,0.881,0
52.0,48.0,1.5,2.2,5,0.8,2.0,EUR,10000.0,10278.78,2.7878,68.0,1.5606,1.9418,25,1.2522,1.7798,11.15,70.9,0.638,0.881,0
52.0,48.0,1.5,2.2,5,0.8,3.0,EUR,10000.0,10278.78,2.7878,68.0,1.5606,1.9418,25,1.2522,1.7798,11.15,70.9,0.638,0.881,0
52.0,48.0,1.5,2.2,5,1.5,1.0,EUR,10000.0,10270.5,2.705,68.0,1.5684,1.9072,25,1.2155,1.7464,10.82,70.9,0.639,0.881,0
52.0,48.0,1.5,2.2,5,1.5,2.0,EUR,10000.0,10270.5,2.705,68.0,1.5684,1.9072,25,1.2155,1.7464,10.82,70.9,0.639,0.881,0
52.0,48.0,1.5,2.2,5,1.5,3.0,EUR,10000.0,10270.5,2.705,68.0,1.5684,1.9072,25,1.2155,1.7464,10.82,70.9,0.639,0.881,0
52.0,48.0,1.5,2.2,5,2.0,1.0,EUR,10000.0,10264.59,2.6459,68.0,1.5739,1.8831,25,1.1892,1.7209,10.58,70.9,0.639,0.882,0
52.0,48.0,1.5,2.2,5,2.0,2.0,EUR,10000.0,10264.59,2.6459,68.0,1.5739,1.8831,25,1.1892,1.7209,10.58,70.9,0.639,0.882,0
52.0,48.0,1.5,2.2,5,2.0,3.0,EUR,10000.0,10264.59,2.6459,68.0,1.5739,1.8831,25,1.1892,1.7209,10.58,70.9,0.639,0.882,0
52.0,48.0,1.5,2.2,8,0.4,1.0,EUR,10000.0,10280.0,2.8,65.0,0.9715,1.9219,20,1.3033,1.612,14.0,75.13,0.627,0.879,0
52.0,48.0,1.5,2.2,8,0.4,2.0,EUR,10000.0,10280.0,2.8,65.0,0.9715,1.9219,20,1.3033,1.612,14.0,75.13,0.627,0.879,0
52.0,48.0,1.5,2.2,8,0.4,3.0,EUR,10000.0,10280.0,2.8,65.0,0.9715,1.9219,20,1.3033,1.612,14.0,75.13,0.627,0.879,0
52.0,48.0,1.5,2.2,8,0.8,1.0,EUR,10000.0,10285.83,2.8583,65.0,0.9724,1.9663,20,1.3377,1.6802,14.29,75.13,0.621,0.879,0
52.0,48.0,1.5,2.2,8,0.8,2.0,EUR,10000.0,10285.83,2.8583,65.0,0.9724,1.9663,20,1.3377,1.6802,14.29,75.13,0.621,0.879,0
52.0,48.0,1.5,2.2,8,0.8,3.0,EUR,10000.0,10285.83,2.8583,65.0,0.9724,1.9663,20,1.3377,1.6802,14.29,75.13,0.621,0.879,0
52.0,48.0,1.5,2.2,8,1.5,1.0,EUR,10000.0,10280.21,2.8021,60.0,0.9742,1.9405,20,1.3556,1.7781,14.01,74.6,0.622,0.879,0
52.0,48.0,1.5,2.2,8,1.5,2.0,EUR,10000.0,10280.21,2.8021,60.0,0.9742,1.9405,20,1.3556,1.7781,14.01,74.6,0.622,0.879,0
52.0,48.0,1.5,2.2,8,1.5,3.0,EUR,10000.0,10280.21,2.8021,60.0,0.9742,1.9405,20,1.3556,1.7781,14.01,74.6,0.622,0.879,0
52.0,48.0,1.5,2.2,8,2.0,1.0,EUR,10000.0,10276.19,2.7619,60.0,0.9754,1.9221,20,1.3359,1.7617,13.81,74.6,0.622,0.879,0
52.0,48.0,1.5,2.2,8,2.0,2.0,EUR,10000.0,10276.19,2.7619,60.0,0.9754,1.9221,20,1.3359,1.7617,13.81,74.6,0.622,0.879,0
52.0,48.0,1.5,2.2,8,2.0,3.0,EUR,10000.0,10276.19,2.7619,60.0,0.9754,1.9221,20,1.3359,1.7617,13.81,74.6,0.622,0.879,0
52.0,48.0,1.8,2.8,3,0.4,1.0,EUR,10000.0,10205.6,2.056,57.58,1.1994,1.565,33,1.1905,1.4273,6.23,68.25,0.528,0.702,0
52.0,48.0,1.8,2.8,3,0.4,2.0,EUR,10000.0,10205.6,2.056,57.58,1.1994,1.565,33,1.1905,1.4273,6.23,68.25,0.528,0.702,0
52.0,48.0,1.8,2.8,3,0.4,3.0,EUR,10000.0,10205.6,2.056,57.58,1.1994,1.565,33,1.1905,1.4273,6.23,68.25,0.528,0.702,0
52.0,48.0,1.8,2.8,3,0.8,1.0,EUR,10000.0,10200.05,2.0005,57.58,1.2018,1.5466,33,1.1589,1.4118,6.06,68.25,0.528,0.702,0
52.0,48.0,1.8,2.8,3,0.8,2.0,EUR,10000.0,10200.05,2.0005,57.58,1.2018,1.5466,33,1.1589,1.4118,6.06,68.25,0.528,0.702,0
52.0,48.0,1.8,2.8,3,0.8,3.0,EUR,10000.0,10200.05,2.0005,57.58,1.2018,1.5466,33,1.1589,1.4118,6.06,68.25,0.528,0.702,0
52.0,48.0,1.8,2.8,3,1.5,1.0,EUR,10000.0,10183.48,1.8348,57.58,1.206,1.4965,33,1.0747,1.3267,5.56,68.25,0.526,0.702,0
52.0,48.0,1.8,2.8,3,1.5,2.0,EUR,10000.0,10183.48,1.8348,57.58,1.206,1.4965,33,1.0747,1.3267,5.56,68.25,0.526,0.702,0
52.0,48.0,1.8,2.8,3,1.5,3.0,EUR,10000.0,10183.48,1.8348,57.58,1.206,1.4965,33,1.0747,1.3267,5.56,68.25,0.526,0.702,0
52.0,48.0,1.8,2.8,3,2.0,1.0,EUR,10000.0,10183.75,1.8375,57.58,1.1201,1.5059,33,1.0973,1.4051,5.57,68.25,0.52,0.7,0
52.0,48.0,1.8,2.8,3,2.0,2.0,EUR,10000.0,10183.75,1.8375,57.58,1.1201,1.5059,33,1.0973,1.4051,5.57,68.25,0.52,0.7,0
52.0,48.0,1.8,2.8,3,2.0,3.0,EUR,10000.0,10183.75,1.8375,57.58,1.1201,1.5059,33,1.0973,1.4051,5.57,68.25,0.52,0.7,0
52.0,48.0,1.8,2.8,5,0.4,1.0,EUR,10000.0,10150.7,1.507,66.67,1.3508,1.5251,24,0.8485,1.0819,6.28,71.43,0.52,0.703,0
52.0,48.0,1.8,2.8,5,0.4,2.0,EUR,10000.0,10150.7,1.507,66.67,1.3508,1.5251,24,0.8485,1.0819,6.28,71.43,0.52,0.703,0
52.0,48.0,1.8,2.8,5,0.4,3.0,EUR,10000.0,10150.7,1.507,66.67,1.3508,1.5251,24,0.8485,1.0819,6.28,71.43,0.52,0.703,0
52.0,48.0,1.8,2.8,5,0.8,1.0,EUR,10000.0,10140.35,1.4035,66.67,1.3524,1.4871,24,0.7985,1.0152,5.85,71.43,0.516,0.7,0
52.0,48.0,1.8,2.8,5,0.8,2.0,EUR,10000.0,10140.35,1.4035,66.67,1.3524,1.4871,24,0.7985,1.0152,5.85,71.43,0.516,0.7,0
52.0,48.0,1.8,2.8,5,0.8,3.0,EUR,10000.0,10140.35,1.4035,66.67,1.3524,1.4871,24,0.7985,1.0152,5.85,71.43,0.516,0.7,0
52.0,48.0,1.8,2.8,5,1.5,1.0,EUR,10000.0,10133.31,1.3331,66.67,1.3551,1.4598,24,0.7592,0.9743,5.55,71.43,0.516,0.7,0
52.0,48.0,1.8,2.8,5,1.5,2.0,EUR,10000.0,10133.31,1.3331,66.67,1.3551,1.4598,24,0.7592,0.9743,5.55,71.43,0.516,0.7,0
52.0,48.0,1.8,2.8,5,1.5,3.0,EUR,10000.0,10133.31,1.3331,66.67,1.3551,1.4598,24,0.7592,0.9743,5.55,71.43,0.516,0.7,0
52.0,48.0,1.8,2.8,5,2.0,1.0,EUR,10000.0,10128.28,1.2828,66.67,1.357,1.4404,24,0.7311,0.9456,5.34,71.43,0.516,0.7,0
52.0,48.0,1.8,2.8,5,2.0,2.0,EUR,10000.0,10128.28,1.2828,66.67,1.357,1.4404,24,0.7311,0.9456,5.34,71.43,0.516,0.7,0
52.0,48.0,1.8,2.8,5,2.0,3.0,EUR,10000.0,10128.28,1.2828,66.67,1.357,1.4404,24,0.7311,0.9456,5.34,71.43,0.516,0.7,0
52.0,48.0,1.8,2.8,8,0.4,1.0,EUR,10000.0,10191.94,1.9194,58.82,1.2516,1.8418,17,1.0198,1.2428,11.29,71.43,0.526,0.7,0
52.0,48.0,1.8,2.8,8,0.4,2.0,EUR,10000.0,10191.94,1.9194,58.82,1.2516,1.8418,17,1.0198,1.2428,11.29,71.43,0.526,0.7,0
52.0,48.0,1.8,2.8,8,0.4,3.0,EUR,10000.0,10191.94,1.9194,58.82,1.2516,1.8418,17,1.0198,1.2428,11.29,71.43,0.526,0.7,0
52.0,48.0,1.8,2.8,8,0.8,1.0,EUR,10000.0,10189.33,1.8933,58.82,1.2524,1.826,17,1.006,1.2292,11.14,71.43,0.526,0.7,0
52.0,48.0,1.8,2.8,8,0.8,2.0,EUR,10000.0,10189.33,1.8933,58.82,1.2524,1.826,17,1.006,1.2292,11.14,71.43,0.526,0.7,0
52.0,48.0,1.8,2.8,8,0.8,3.0,EUR,10000.0,10189.33,1.8933,58.82,1.2524,1.826,17,1.006,1.2292,11.14,71.43,0.526,0.7,0
52.0,48.0,1.8,2.8,8,1.5,1.0,EUR,10000.0,10184.77,1.8477,52.94,1.2539,1.798,17,0.9818,1.2112,10.87,71.43,0.526,0.7,0
52.0,48.0,1.8,2.8,8,1.5,2.0,EUR,10000.0,10184.77,1.8477,52.94,1.2539,1.798,17,0.9818,1.2112,10.87,71.43,0.526,0.7,0
52.0,48.0,1.8,2.8,8,1.5,3.0,EUR,10000.0,10184.77,1.8477,52.94,1.2539,1.798,17,0.9818,1.2112,10.87,71.43,0.526,0.7,0
52.0,48.0,1.8,2.8,8,2.0,1.0,EUR,10000.0,10181.51,1.8151,52.94,1.2549,1.778,17,0.9645,1.1942,10.68,71.43,0.526,0.7,0
52.0,48.0,1.8,2.8,8,2.0,2.0,EUR,10000.0,10181.51,1.8151,52.94,1.2549,1.778,17,0.9645,1.1942,10.68,71.43,0.526,0.7,0
52.0,48.0,1.8,2.8,8,2.0,3.0,EUR,10000.0,10181.51,1.8151,52.94,1.2549,1.778,17,0.9645,1.1942,10.68,71.43,0.526,0.7,0
55.0,45.0,1.2,1.8,3,0.4,1.0,EUR,10000.0,10426.4,4.264,55.88,1.0872,1.7712,34,1.6636,2.2801,12.54,62.43,0.802,1.0,0
55.0,45.0,1.2,1.8,3,0.4,2.0,EUR,10000.0,10436.63,4.3663,55.88,1.2018,1.7726,34,1.6517,2.2241,12.84,62.43,0.826,1.155,8
55.0,45.0,1.2,1.8,3,0.4,3.0,EUR,10000.0,10436.63,4.3663,55.88,1.2018,1.7726,34,1.6517,2.2241,12.84,62.43,0.826,1.155,8
55.0,45.0,1.2,1.8,3,0.8,1.0,EUR,10000.0,10424.91,4.2491,55.88,1.0965,1.7728,34,1.6599,2.309,12.5,62.43,0.799,1.0,0
55.0,45.0,1.2,1.8,3,0.8,2.0,EUR,10000.0,10428.85,4.2885,55.88,1.2114,1.7546,34,1.6226,2.2155,12.61,62.43,0.826,1.155,8
55.0,45.0,1.2,1.8,3,0.8,3.0,EUR,10000.0,10428.85,4.2885,55.88,1.2114,1.7546,34,1.6226,2.2155,12.61,62.43,0.826,1.155,8
55.0,45.0,1.2,1.8,3,1.5,1.0,EUR,10000.0,10409.15,4.0915,55.88,1.1128,1.7369,34,1.599,2.2798,12.03,62.43,0.797,1.0,0
55.0,45.0,1.2,1.8,3,1.5,2.0,EUR,10000.0,10412.7,4.127,55.88,1.2283,1.7191,34,1.5624,2.1877,12.14,62.43,0.823,1.157,8
55.0,45.0,1.2,1.8,3,1.5,3.0,EUR,10000.0,10412.7,4.127,55.88,1.2283,1.7191,34,1.5624,2.1877,12.14,62.43,0.823,1.157,8
55.0,45.0,1.2,1.8,3,2.0,1.0,EUR,10000.0,10399.75,3.9975,55.88,1.1244,1.715,34,1.5623,2.2471,11.76,62.43,0.797,1.0,0
55.0,45.0,1.2,1.8,3,2.0,2.0,EUR,10000.0,10403.02,4.0302,55.88,1.2404,1.6974,34,1.5261,2.1549,11.85,62.43,0.824,1.158,8
55.0,45.0,1.2,1.8,3,2.0,3.0,EUR,10000.0,10403.02,4.0302,55.88,1.2404,1.6974,34,1.5261,2.1549,11.85,62.43,0.824,1.158,8
55.0,45.0,1.2,1.8,5,0.4,1.0,EUR,10000.0,10146.41,1.4641,50.0,1.8149,1.2983,26,0.577,0.6936,5.63,63.49,0.801,1.0,0
55.0,45.0,1.2,1.8,5,0.4,2.0,EUR,10000.0,10143.3,1.433,50.0,1.8739,1.2843,26,0.5544,0.6605,5.51,63.49,0.82,1.088,5
55.0,45.0,1.2,1.8,5,0.4,3.0,EUR,10000.0,10143.3,1.433,50.0,1.8739,1.2843,26,0.5544,0.6605,5.51,63.49,0.82,1.088,5
55.0,45.0,1.2,1.8,5,0.8,1.0,EUR,10000.0,10139.84,1.3984,50.0,1.82,1.2835,26,0.554,0.6699,5.38,63.49,0.797,1.0,0
55.0,45.0,1.2,1.8,5,0.8,2.0,EUR,10000.0,10136.61,1.3661,50.0,1.8792,1.2697,26,0.5313,0.6366,5.25,63.49,0.817,1.088,5
55.0,45.0,1.2,1.8,5,0.8,3.0,EUR,10000.0,10136.61,1.3661,50.0,1.8792,1.2697,26,0.5313,0.6366,5.25,63.49,0.817,1.088,5
55.0,45.0,1.2,1.8,5,1.5,1.0,EUR,10000.0,10130.73,1.3073,50.0,1.8288,1.2628,26,0.5194,0.6367,5.03,63.49,0.798,1.0,0
55.0,45.0,1.2,1.8,5,1.5,2.0,EUR,10000.0,10127.29,1.2729,50.0,1.8883,1.2492,26,0.4967,0.6033,4.9,63.49,0.817,1.089,5
55.0,45.0,1.2,1.8,5,1.5,3.0,EUR,10000.0,10127.29,1.2729,50.0,1.8883,1.2492,26,0.4967,0.6033,4.9,63.49,0.817,1.089,5
55.0,45.0,1.2,1.8,5,2.0,1.0,EUR,10000.0,10124.23,1.2423,50.0,1.8351,1.2482,26,0.4946,0.6123,4.78,63.49,0.798,1.0,0
55.0,45.0,1.2,1.8,5,2.0,2.0,EUR,10000.0,10120.64,1.2064,50.0,1.8948,1.2347,26,0.4718,0.5789,4.64,63.49,0.817,1.09,5
55.0,45.0,1.2,1.8,5,2.0,3.0,EUR,10000.0,10120.64,1.2064,50.0,1.8948,1.2347,26,0.4718,0.5789,4.64,63.49,0.817,1.09,5
55.0,45.0,1.2,1.8,8,0.4,1.0,EUR,10000.0,10089.03,0.8903,48.0,1.6136,1.1541,25,0.3553,0.4556,3.56,72.49,0.768,1.0,0
55.0,45.0,1.2,1.8,8,0.4,2.0,EUR,10000.0,10100.24,1.0024,48.0,1.6726,1.1701,25,0.3884,0.5001,4.01,72.49,0.792,1.099,6
55.0,45.0,1.2,1.8,8,0.4,3.0,EUR,10000.0,10100.24,1.0024,48.0,1.6726,1.1701,25,0.3884,0.5001,4.01,72.49,0.792,1.099,6
55.0,45.0,1.2,1.8,8,0.8,1.0,EUR,10000.0,10084.67,0.8467,48.0,1.6178,1.146,25,0.3389,0.4366,3.39,72.49,0.768,1.0,0
55.0,45.0,1.2,1.8,8,0.8,2.0,EUR,10000.0,10095.75,0.9575,48.0,1.677,1.1619,25,0.3718,0.4812,3.83,72.49,0.792,1.099,6
55.0,45.0,1.2,1.8,8,0.8,3.0,EUR,10000.0,10095.75,0.9575,48.0,1.677,1.1619,25,0.3718,0.4812,3.83,72.49,0.792,1.099,6
55.0,45.0,1.2,1.8,8,1.5,1.0,EUR,10000.0,10069.29,0.6929,44.0,1.6251,1.1187,25,0.2813,0.3663,2.77,72.49,0.764,1.0,0
55.0,45.0,1.2,1.8,8,1.5,2.0,EUR,10000.0,10087.88,0.8788,44.0,1.6846,1.1476,25,0.3428,0.4496,3.52,72.49,0.793,1.1,6
55.0,45.0,1.2,1.8,8,1.5,3.0,EUR,10000.0,10087.88,0.8788,44.0,1.6846,1.1476,25,0.3428,0.4496,3.52,72.49,0.793,1.1,6
55.0,45.0,1.2,1.8,8,2.0,1.0,EUR,10000.0,10063.86,0.6386,44.0,1.6304,1.1088,25,0.2607,0.3418,2.55,72.49,0.765,1.0,0
55.0,45.0,1.2,1.8,8,2.0,2.0,EUR,10000.0,10087.99,0.8799,44.0,1.6901,1.1484,25,0.3439,0.4549,3.52,72.49,0.789,1.1,5
55.0,45.0,1.2,1.8,8,2.0,3.0,EUR,10000.0,10087.99,0.8799,44.0,1.6901,1.1484,25,0.3439,0.4549,3.52,72.49,0.789,1.1,5
55.0,45.0,1.5,2.2,3,0.4,1.0,EUR,10000.0,10238.45,2.3845,56.67,1.2134,1.6252,30,1.1877,1.3696,7.95,59.26,0.661,0.896,0
55.0,45.0,1.5,2.2,3,0.4,2.0,EUR,10000.0,10238.45,2.3845,56.67,1.2134,1.6252,30,1.1877,1.3696,7.95,59.26,0.661,0.896,0
55.0,45.0,1.5,2.2,3,0.4,3.0,EUR,10000.0,10238.45,2.3845,56.67,1.2134,1.6252,30,1.1877,1.3696,7.95,59.26,0.661,0.896,0
55.0,45.0,1.5,2.2,3,0.8,1.0,EUR,10000.0,10239.19,2.3919,56.67,1.1468,1.6346,30,1.2007,1.4281,7.97,59.26,0.657,0.888,0
55.0,45.0,1.5,2.2,3,0.8,2.0,EUR,10000.0,10239.19,2.3919,56.67,1.1468,1.6346,30,1.2007,1.4281,7.97,59.26,0.657,0.888,0
55.0,45.0,1.5,2.2,3,0.8,3.0,EUR,10000.0,10239.19,2.3919,56.67,1.1468,1.6346,30,1.2007,1.4281,7.97,59.26,0.657,0.888,0
55.0,45.0,1.5,2.2,3,1.5,1.0,EUR,10000.0,10224.4,2.244,56.67,1.1516,1.5887,30,1.1309,1.3768,7.48,59.26,0.651,0.889,0
55.0,45.0,1.5,2.2,3,1.5,2.0,EUR,10000.0,10224.4,2.244,56.67,1.1516,1.5887,30,1.1309,1.3768,7.48,59.26,0.651,0.889,0
55.0,45.0,1.5,2.2,3,1.5,3.0,EUR,10000.0,10224.4,2.244,56.67,1.1516,1.5887,30,1.1309,1.3768,7.48,59.26,0.651,0.889,0
55.0,45.0,1.5,2.2,3,2.0,1.0,EUR,10000.0,10216.7,2.167,56.67,1.1551,1.564,30,1.0926,1.3388,7.22,59.26,0.651,0.89,0
55.0,45.0,1.5,2.2,3,2.0,2.0,EUR,10000.0,10216.7,2.167,56.67,1.1551,1.564,30,1.0926,1.3388,7.22,59.26,0.651,0.89,0
55.0,45.0,1.5,2.2,3,2.0,3.0,EUR,10000.0,10216.7,2.167,56.67,1.1551,1.564,30,1.0926,1.3388,7.22,59.26,0.651,0.89,0
55.0,45.0,1.5,2.2,5,0.4,1.0,EUR,10000.0,10229.36,2.2936,65.22,1.7769,1.7781,23,1.047,1.4167,9.97,64.55,0.657,0.885,0
55.0,45.0,1.5,2.2,5,0.4,2.0,EUR,10000.0,10229.36,2.2936,65.22,1.7769,1.7781,23,1.047,1.4167,9.97,64.55,0.657,0.885,0
55.0,45.0,1.5,2.2,5,0.4,3.0,EUR,10000.0,10229.36,2.2936,65.22,1.7769,1.7781,23,1.047,1.4167,9.97,64.55,0.657,0.885,0
55.0,45.0,1.5,2.2,5,0.8,1.0,EUR,10000.0,10224.94,2.2494,65.22,1.7783,1.7599,23,1.0272,1.3994,9.78,64.55,0.657,0.885,0
55.0,45.0,1.5,2.2,5,0.8,2.0,EUR,10000.0,10224.94,2.2494,65.22,1.7783,1.7599,23,1.0272,1.3994,9.78,64.55,0.657,0.885,0
55.0,45.0,1.5,2.2,5,0.8,3.0,EUR,10000.0,10224.94,2.2494,65.22,1.7783,1.7599,23,1.0272,1.3994,9.78,64.55,0.657,0.885,0
55.0,45.0,1.5,2.2,5,1.5,1.0,EUR,10000.0,10215.92,2.1592,65.22,1.7808,1.7242,23,0.9905,1.3657,9.39,64.55,0.653,0.886,0
55.0,45.0,1.5,2.2,5,1.5,2.0,EUR,10000.0,10215.92,2.1592,65.22,1.7808,1.7242,23,0.9905,1.3657,9.39,64.55,0.653,0.886,0
55.0,45.0,1.5,2.2,5,1.5,3.0,EUR,10000.0,10215.92,2.1592,65.22,1.7808,1.7242,23,0.9905,1.3657,9.39,64.55,0.653,0.886,0
55.0,45.0,1.5,2.2,5,2.0,1.0,EUR,10000.0,10210.44,2.1044,65.22,1.7826,1.7024,23,0.9657,1.3411,9.15,64.55,0.653,0.887,0
55.0,45.0,1.5,2.2,5,2.0,2.0,EUR,10000.0,10210.44,2.1044,65.22,1.7826,1.7024,23,0.9657,1.3411,9.15,64.55,0.653,0.887,0
55.0,45.0,1.5,2.2,5,2.0,3.0,EUR,10000.0,10210.44,2.1044,65.22,1.7826,1.7024,23,0.9657,1.3411,9.15,64.55,0.653,0.887,0
55.0,45.0,1.5,2.2,8,0.4,1.0,EUR,10000.0,10146.06,1.4606,61.11,1.066,1.4868,18,0.7005,0.83,8.12,64.02,0.64,0.891,0
55.0,45.0,1.5,2.2,8,0.4,2.0,EUR,10000.0,10146.06,1.4606,61.11,1.066,1.4868,18,0.7005,0.83,8.12,64.02,0.64,0.891,0
55.0,45.0,1.5,2.2,8,0.4,3.0,EUR,10000.0,10146.06,1.4606,61.11,1.066,1.4868,18,0.7005,0.83,8.12,64.02,0.64,0.891,0
55.0,45.0,1.5,2.2,8,0.8,1.0,EUR,10000.0,10152.15,1.5215,61.11,0.9845,1.5208,18,0.7334,0.8824,8.45,64.02,0.634,0.891,0
55.0,45.0,1.5,2.2,8,0.8,2.0,EUR,10000.0,10152.15,1.5215,61.11,0.9845,1.5208,18,0.7334,0.8824,8.45,64.02,0.634,0.891,0
55.0,45.0,1.5,2.2,8,0.8,3.0,EUR,10000.0,10152.15,1.5215,61.11,0.9845,1.5208,18,0.7334,0.8824,8.45,64.02,0.634,0.891,0
55.0,45.0,1.5,2.2,8,1.5,1.0,EUR,10000.0,10147.99,1.4799,55.56,0.9973,1.5047,18,0.7421,0.9274,8.22,63.49,0.628,0.891,0
55.0,45.0,1.5,2.2,8,1.5,2.0,EUR,10000.0,10147.99,1.4799,55.56,0.9973,1.5047,18,0.7421,0.9274,8.22,63.49,0.628,0.891,0
55.0,45.0,1.5,2.2,8,1.5,3.0,EUR,10000.0,10147.99,1.4799,55.56,0.9973,1.5047,18,0.7421,0.9274,8.22,63.49,0.628,0.891,0
55.0,45.0,1.5,2.2,8,2.0,1.0,EUR,10000.0,10144.35,1.4435,55.56,1.0065,1.4898,18,0.7242,0.9091,8.02,63.49,0.628,0.891,0
55.0,45.0,1.5,2.2,8,2.0,2.0,EUR,10000.0,10144.35,1.4435,55.56,1.0065,1.4898,18,0.7242,0.9091,8.02,63.49,0.628,0.891,0
55.0,45.0,1.5,2.2,8,2.0,3.0,EUR,10000.0,10144.35,1.4435,55.56,1.0065,1.4898,18,0.7242,0.9091,8.02,63.49,0.628,0.891,0
55.0,45.0,1.8,2.8,3,0.4,1.0,EUR,10000.0,10076.87,0.7687,53.33,1.2779,1.2199,30,0.4946,0.5318,2.56,61.9,0.531,0.702,0
55.0,45.0,1.8,2.8,3,0.4,2.0,EUR,10000.0,10076.87,0.7687,53.33,1.2779,1.2199,30,0.4946,0.5318,2.56,61.9,0.531,0.702,0
55.0,45.0,1.8,2.8,3,0.4,3.0,EUR,10000.0,10076.87,0.7687,53.33,1.2779,1.2199,30,0.4946,0.5318,2.56,61.9,0.531,0.702,0
55.0,45.0,1.8,2.8,3,0.8,1.0,EUR,10000.0,10071.77,0.7177,53.33,1.2963,1.204,30,0.4626,0.5058,2.39,61.9,0.531,0.702,0
55.0,45.0,1.8,2.8,3,0.8,2.0,EUR,10000.0,10071.77,0.7177,53.33,1.2963,1.204,30,0.4626,0.5058,2.39,61.9,0.531,0.702,0
55.0,45.0,1.8,2.8,3,0.8,3.0,EUR,10000.0,10071.77,0.7177,53.33,1.2963,1.204,30,0.4626,0.5058,2.39,61.9,0.531,0.702,0
55.0,45.0,1.8,2.8,3,1.5,1.0,EUR,10000.0,10061.03,0.6103,53.33,1.3286,1.1717,30,0.3954,0.441,2.03,61.9,0.528,0.703,0
55.0,45.0,1.8,2.8,3,1.5,2.0,EUR,10000.0,10061.03,0.6103,53.33,1.3286,1.1717,30,0.3954,0.441,2.03,61.9,0.528,0.703,0
55.0,45.0,1.8,2.8,3,1.5,3.0,EUR,10000.0,10061.03,0.6103,53.33,1.3286,1.1717,30,0.3954,0.441,2.03,61.9,0.528,0.703,0
55.0,45.0,1.8,2.8,3,2.0,1.0,EUR,10000.0,10063.62,0.6362,53.33,1.2626,1.1823,30,0.4209,0.4858,2.12,61.9,0.525,0.702,0
55.0,45.0,1.8,2.8,3,2.0,2.0,EUR,10000.0,10063.62,0.6362,53.33,1.2626,1.1823,30,0.4209,0.4858,2.12,61.9,0.525,0.702,0
55.0,45.0,1.8,2.8,3,2.0,3.0,EUR,10000.0,10063.62,0.6362,53.33,1.2626,1.1823,30,0.4209,0.4858,2.12,61.9,0.525,0.702,0
55.0,45.0,1.8,2.8,5,0.4,1.0,EUR,10000.0,10102.28,1.0228,63.64,1.5119,1.3564,22,0.593,0.7177,4.65,65.08,0.532,0.7,0
55.0,45.0,1.8,2.8,5,0.4,2.0,EUR,10000.0,10102.28,1.0228,63.64,1.5119,1.3564,22,0.593,0.7177,4.65,65.08,0.532,0.7,0
55.0,45.0,1.8,2.8,5,0.4,3.0,EUR,10000.0,10102.28,1.0228,63.64,1.5119,1.3564,22,0.593,0.7177,4.65,65.08,0.532,0.7,0
55.0,45.0,1.8,2.8,5,0.8,1.0,EUR,10000.0,10098.49,0.9849,63.64,1.5252,1.3419,22,0.5716,0.6968,4.48,65.08,0.532,0.7,0
55.0,45.0,1.8,2.8,5,0.8,2.0,EUR,10000.0,10098.49,0.9849,63.64,1.5252,1.3419,22,0.5716,0.6968,4.48,65.08,0.532,0.7,0
55.0,45.0,1.8,2.8,5,0.8,3.0,EUR,10000.0,10098.49,0.9849,63.64,1.5252,1.3419,22,0.5716,0.6968,4.48,65.08,0.532,0.7,0
55.0,45.0,1.8,2.8,5,1.5,1.0,EUR,10000.0,10091.87,0.9187,63.64,1.5483,1.3169,22,0.5341,0.6571,4.18,65.08,0.533,0.7,0
55.0,45.0,1.8,2.8,5,1.5,2.0,EUR,10000.0,10091.87,0.9187,63.64,1.5483,1.3169,22,0.5341,0.6571,4.18,65.08,0.533,0.7,0
55.0,45.0,1.8,2.8,5,1.5,3.0,EUR,10000.0,10091.87,0.9187,63.64,1.5483,1.3169,22,0.5341,0.6571,4.18,65.08,0.533,0.7,0
55.0,45.0,1.8,2.8,5,2.0,1.0,EUR,10000.0,10087.14,0.8714,63.64,1.5648,1.2991,22,0.5072,0.629,3.96,65.08,0.533,0.7,0
55.0,45.0,1.8,2.8,5,2.0,2.0,EUR,10000.0,10087.14,0.8714,63.64,1.5648,1.2991,22,0.5072,0.629,3.96,65.08,0.533,0.7,0
55.0,45.0,1.8,2.8,5,2.0,3.0,EUR,10000.0,10087.14,0.8714,63.64,1.5648,1.2991,22,0.5072,0.629,3.96,65.08,0.533,0.7,0
55.0,45.0,1.8,2.8,8,0.4,1.0,EUR,10000.0,9982.38,-0.1762,50.0,1.5083,0.9334,16,-0.0832,-0.0956,-1.1,66.67,0.535,0.706,0
55.0,45.0,1.8,2.8,8,0.4,2.0,EUR,10000.0,9982.38,-0.1762,50.0,1.5083,0.9334,16,-0.0832,-0.0956,-1.1,66.67,0.535,0.706,0
55.0,45.0,1.8,2.8,8,0.4,3.0,EUR,10000.0,9982.38,-0.1762,50.0,1.5083,0.9334,16,-0.0832,-0.0956,-1.1,66.67,0.535,0.706,0
55.0,45.0,1.8,2.8,8,0.8,1.0,EUR,10000.0,9979.92,-0.2008,50.0,1.5102,0.9245,16,-0.0965,-0.1115,-1.25,66.67,0.535,0.706,0
55.0,45.0,1.8,2.8,8,0.8,2.0,EUR,10000.0,9979.92,-0.2008,50.0,1.5102,0.9245,16,-0.0965,-0.1115,-1.25,66.67,0.535,0.706,0
55.0,45.0,1.8,2.8,8,0.8,3.0,EUR,10000.0,9979.92,-0.2008,50.0,1.5102,0.9245,16,-0.0965,-0.1115,-1.25,66.67,0.535,0.706,0
55.0,45.0,1.8,2.8,8,1.5,1.0,EUR,10000.0,9975.63,-0.2437,43.75,1.5134,0.9092,16,-0.1198,-0.1394,-1.52,66.67,0.535,0.706,0
55.0,45.0,1.8,2.8,8,1.5,2.0,EUR,10000.0,9975.63,-0.2437,43.75,1.5134,0.9092,16,-0.1198,-0.1394,-1.52,66.67,0.535,0.706,0
55.0,45.0,1.8,2.8,8,1.5,3.0,EUR,10000.0,9975.63,-0.2437,43.75,1.5134,0.9092,16,-0.1198,-0.1394,-1.52,66.67,0.535,0.706,0
55.0,45.0,1.8,2.8,8,2.0,1.0,EUR,10000.0,9972.56,-0.2744,43.75,1.5158,0.8983,16,-0.1364,-0.1592,-1.72,66.67,0.535,0.706,0
55.0,45.0,1.8,2.8,8,2.0,2.0,EUR,10000.0,9972.56,-0.2744,43.75,1.5158,0.8983,16,-0.1364,-0.1592,-1.72,66.67,0.535,0.706,0
55.0,45.0,1.8,2.8,8,2.0,3.0,EUR,10000.0,9972.56,-0.2744,43.75,1.5158,0.8983,16,-0.1364,-0.1592,-1.72,66.67,0.535,0.706,0
58.0,42.0,1.2,1.8,3,0.4,1.0,EUR,10000.0,10072.4,0.724,42.86,2.0327,1.1253,28,0.3477,0.4044,2.59,49.21,0.803,1.0,0
58.0,42.0,1.2,1.8,3,0.4,2.0,EUR,10000.0,10089.92,0.8992,42.86,2.0338,1.1525,28,0.4136,0.4871,3.21,49.21,0.839,1.1,9
58.0,42.0,1.2,1.8,3,0.4,3.0,EUR,10000.0,10089.92,0.8992,42.86,2.0338,1.1525,28,0.4136,0.4871,3.21,49.21,0.839,1.1,9
58.0,42.0,1.2,1.8,3,0.8,1.0,EUR,10000.0,10066.32,0.6632,42.86,2.0403,1.1142,28,0.3196,0.3748,2.37,49.21,0.804,1.0,0
58.0,42.0,1.2,1.8,3,0.8,2.0,EUR,10000.0,10083.56,0.8356,42.86,2.0415,1.1408,28,0.3854,0.4576,2.98,49.21,0.839,1.1,9
58.0,42.0,1.2,1.8,3,0.8,3.0,EUR,10000.0,10083.56,0.8356,42.86,2.0415,1.1408,28,0.3854,0.4576,2.98,49.21,0.839,1.1,9
58.0,42.0,1.2,1.8,3,1.5,1.0,EUR,10000.0,10042.17,0.4217,42.86,2.1982,1.0719,28,0.2101,0.2499,1.51,49.21,0.801,1.0,0
58.0,42.0,1.2,1.8,3,1.5,2.0,EUR,10000.0,10064.67,0.6467,42.86,2.1994,1.109,28,0.3047,0.3691,2.31,49.21,0.833,1.102,8
58.0,42.0,1.2,1.8,3,1.5,3.0,EUR,10000.0,10064.67,0.6467,42.86,2.1994,1.109,28,0.3047,0.3691,2.31,49.21,0.833,1.102,8
58.0,42.0,1.2,1.8,3,2.0,1.0,EUR,10000.0,10034.58,0.3458,42.86,2.222,1.0585,28,0.1749,0.2101,1.23,49.21,0.801,1.0,0
58.0,42.0,1.2,1.8,3,2.0,2.0,EUR,10000.0,10056.77,0.5677,42.86,2.2232,1.095,28,0.2692,0.3296,2.03,49.21,0.833,1.103,8
58.0,42.0,1.2,1.8,3,2.0,3.0,EUR,10000.0,10056.77,0.5677,42.86,2.2232,1.095,28,0.2692,0.3296,2.03,49.21,0.833,1.103,8
58.0,42.0,1.2,1.8,5,0.4,1.0,EUR,10000.0,9963.19,-0.3681,43.48,2.0731,0.9257,23,-0.1426,-0.1536,-1.6,55.03,0.788,1.0,0
58.0,42.0,1.2,1.8,5,0.4,2.0,EUR,10000.0,9982.6,-0.174,43.48,2.0731,0.9658,23,-0.0558,-0.0611,-0.76,55.03,0.827,1.105,6
58.0,42.0,1.2,1.8,5,0.4,3.0,EUR,10000.0,9982.6,-0.174,43.48,2.0731,0.9658,23,-0.0558,-0.0611,-0.76,55.03,0.827,1.105,6
58.0,42.0,1.2,1.8,5,0.8,1.0,EUR,10000.0,9958.69,-0.4131,43.48,2.0898,0.9169,23,-0.1619,-0.1754,-1.8,55.03,0.788,1.0,0
58.0,42.0,1.2,1.8,5,0.8,2.0,EUR,10000.0,9977.87,-0.2213,43.48,2.0898,0.9566,23,-0.0753,-0.0829,-0.96,55.03,0.827,1.106,6
58.0,42.0,1.2,1.8,5,0.8,3.0,EUR,10000.0,9977.87,-0.2213,43.48,2.0898,0.9566,23,-0.0753,-0.0829,-0.96,55.03,0.827,1.106,6
58.0,42.0,1.2,1.8,5,1.5,1.0,EUR,10000.0,9952.73,-0.4727,43.48,2.1191,0.9053,23,-0.1878,-0.2067,-2.06,55.03,0.784,1.0,0
58.0,42.0,1.2,1.8,5,1.5,2.0,EUR,10000.0,9971.52,-0.2848,43.48,2.1191,0.9444,23,-0.1017,-0.1139,-1.24,55.03,0.823,1.106,5
58.0,42.0,1.2,1.8,5,1.5,3.0,EUR,10000.0,9971.52,-0.2848,43.48,2.1191,0.9444,23,-0.1017,-0.1139,-1.24,55.03,0.823,1.106,5
58.0,42.0,1.2,1.8,5,2.0,1.0,EUR,10000.0,9947.15,-0.5285,43.48,2.14,0.8947,23,-0.2118,-0.2349,-2.3,55.03,0.785,1.0,0
58.0,42.0,1.2,1.8,5,2.0,2.0,EUR,10000.0,9965.66,-0.3434,43.48,2.14,0.9333,23,-0.126,-0.1421,-1.49,55.03,0.823,1.107,5
58.0,42.0,1.2,1.8,5,2.0,3.0,EUR,10000.0,9965.66,-0.3434,43.48,2.14,0.9333,23,-0.126,-0.1421,-1.49,55.03,0.823,1.107,5
58.0,42.0,1.2,1.8,8,0.4,1.0,EUR,10000.0,9937.61,-0.6239,42.86,2.2778,0.887,21,-0.2429,-0.2849,-2.97,57.67,0.793,1.0,0
58.0,42.0,1.2,1.8,8,0.4,2.0,EUR,10000.0,9974.8,-0.252,42.86,2.2778,0.9544,21,-0.0841,-0.1024,-1.2,57.67,0.826,1.114,4
58.0,42.0,1.2,1.8,8,0.4,3.0,EUR,10000.0,9974.8,-0.252,42.86,2.2778,0.9544,21,-0.0841,-0.1024,-1.2,57.67,0.826,1.114,4
58.0,42.0,1.2,1.8,8,0.8,1.0,EUR,10000.0,9933.92,-0.6608,42.86,2.2899,0.8807,21,-0.2582,-0.3039,-3.15,57.67,0.793,1.0,0
58.0,42.0,1.2,1.8,8,0.8,2.0,EUR,10000.0,9970.92,-0.2908,42.86,2.2899,0.9475,21,-0.0995,-0.1217,-1.39,57.67,0.826,1.114,4
58.0,42.0,1.2,1.8,8,0.8,3.0,EUR,10000.0,9970.92,-0.2908,42.86,2.2899,0.9475,21,-0.0995,-0.1217,-1.39,57.67,0.826,1.114,4
58.0,42.0,1.2,1.8,8,1.5,1.0,EUR,10000.0,9927.47,-0.7253,38.1,2.311,0.8699,21,-0.2848,-0.3401,-3.45,57.67,0.793,1.0,0
58.0,42.0,1.2,1.8,8,1.5,2.0,EUR,10000.0,9964.14,-0.3586,38.1,2.311,0.9357,21,-0.1265,-0.157,-1.71,57.67,0.826,1.115,4
58.0,42.0,1.2,1.8,8,1.5,3.0,EUR,10000.0,9964.14,-0.3586,38.1,2.311,0.9357,21,-0.1265,-0.157,-1.71,57.67,0.826,1.115,4
58.0,42.0,1.2,1.8,8,2.0,1.0,EUR,10000.0,9922.87,-0.7713,38.1,2.3261,0.8623,21,-0.3039,-0.3655,-3.67,57.67,0.793,1.0,0
58.0,42.0,1.2,1.8,8,2.0,2.0,EUR,10000.0,9951.23,-0.4877,38.1,2.3261,0.9129,21,-0.1801,-0.2229,-2.32,57.67,0.822,1.112,4
58.0,42.0,1.2,1.8,8,2.0,3.0,EUR,10000.0,9951.23,-0.4877,38.1,2.3261,0.9129,21,-0.1801,-0.2229,-2.32,57.67,0.822,1.112,4
58.0,42.0,1.5,2.2,3,0.4,1.0,EUR,10000.0,10137.33,1.3733,48.0,1.1238,1.3821,25,0.7841,0.8251,5.49,49.21,0.661,0.897,0
58.0,42.0,1.5,2.2,3,0.4,2.0,EUR,10000.0,10137.33,1.3733,48.0,1.1238,1.3821,25,0.7841,0.8251,5.49,49.21,0.661,0.897,0
58.0,42.0,1.5,2.2,3,0.4,3.0,EUR,10000.0,10137.33,1.3733,48.0,1.1238,1.3821,25,0.7841,0.8251,5.49,49.21,0.661,0.897,0
58.0,42.0,1.5,2.2,3,0.8,1.0,EUR,10000.0,10139.2,1.392,48.0,1.1303,1.3922,25,0.8021,0.872,5.57,49.21,0.657,0.897,0
58.0,42.0,1.5,2.2,3,0.8,2.0,EUR,10000.0,10139.2,1.392,48.0,1.1303,1.3922,25,0.8021,0.872,5.57,49.21,0.657,0.897,0
58.0,42.0,1.5,2.2,3,0.8,3.0,EUR,10000.0,10139.2,1.392,48.0,1.1303,1.3922,25,0.8021,0.872,5.57,49.21,0.657,0.897,0
58.0,42.0,1.5,2.2,3,1.5,1.0,EUR,10000.0,10130.28,1.3028,48.0,1.1431,1.3629,25,0.7511,0.8406,5.21,49.21,0.657,0.898,0
58.0,42.0,1.5,2.2,3,1.5,2.0,EUR,10000.0,10130.28,1.3028,48.0,1.1431,1.3629,25,0.7511,0.8406,5.21,49.21,0.657,0.898,0
58.0,42.0,1.5,2.2,3,1.5,3.0,EUR,10000.0,10130.28,1.3028,48.0,1.1431,1.3629,25,0.7511,0.8406,5.21,49.21,0.657,0.898,0
58.0,42.0,1.5,2.2,3,2.0,1.0,EUR,10000.0,10123.91,1.2391,48.0,1.1522,1.3424,25,0.7147,0.8088,4.96,49.21,0.657,0.898,0
58.0,42.0,1.5,2.2,3,2.0,2.0,EUR,10000.0,10123.91,1.2391,48.0,1.1522,1.3424,25,0.7147,0.8088,4.96,49.21,0.657,0.898,0
58.0,42.0,1.5,2.2,3,2.0,3.0,EUR,10000.0,10123.91,1.2391,48.0,1.1522,1.3424,25,0.7147,0.8088,4.96,49.21,0.657,0.898,0
58.0,42.0,1.5,2.2,5,0.4,1.0,EUR,10000.0,10145.81,1.4581,63.16,1.1737,1.5606,19,0.8208,1.0146,7.68,52.38,0.654,0.893,0
58.0,42.0,1.5,2.2,5,0.4,2.0,EUR,10000.0,10145.81,1.4581,63.16,1.1737,1.5606,19,0.8208,1.0146,7.68,52.38,0.654,0.893,0
58.0,42.0,1.5,2.2,5,0.4,3.0,EUR,10000.0,10145.81,1.4581,63.16,1.1737,1.5606,19,0.8208,1.0146,7.68,52.38,0.654,0.893,0
58.0,42.0,1.5,2.2,5,0.8,1.0,EUR,10000.0,10142.16,1.4216,63.16,1.1825,1.5446,19,0.8005,0.9958,7.48,52.38,0.654,0.893,0
58.0,42.0,1.5,2.2,5,0.8,2.0,EUR,10000.0,10142.16,1.4216,63.16,1.1825,1.5446,19,0.8005,0.9958,7.48,52.38,0.654,0.893,0
58.0,42.0,1.5,2.2,5,0.8,3.0,EUR,10000.0,10142.16,1.4216,63.16,1.1825,1.5446,19,0.8005,0.9958,7.48,52.38,0.654,0.893,0
58.0,42.0,1.5,2.2,5,1.5,1.0,EUR,10000.0,10135.78,1.3578,63.16,1.1998,1.5169,19,0.7648,0.9654,7.15,52.38,0.655,0.893,0
58.0,42.0,1.5,2.2,5,1.5,2.0,EUR,10000.0,10135.78,1.3578,63.16,1.1998,1.5169,19,0.7648,0.9654,7.15,52.38,0.655,0.893,0
58.0,42.0,1.5,2.2,5,1.5,3.0,EUR,10000.0,10135.78,1.3578,63.16,1.1998,1.5169,19,0.7648,0.9654,7.15,52.38,0.655,0.893,0
58.0,42.0,1.5,2.2,5,2.0,1.0,EUR,10000.0,10136.07,1.3607,63.16,1.2128,1.5255,19,0.7704,0.9857,7.16,52.38,0.649,0.893,0
58.0,42.0,1.5,2.2,5,2.0,2.0,EUR,10000.0,10136.07,1.3607,63.16,1.2128,1.5255,19,0.7704,0.9857,7.16,52.38,0.649,0.893,0
58.0,42.0,1.5,2.2,5,2.0,3.0,EUR,10000.0,10136.07,1.3607,63.16,1.2128,1.5255,19,0.7704,0.9857,7.16,52.38,0.649,0.893,0
58.0,42.0,1.5,2.2,8,0.4,1.0,EUR,10000.0,9970.08,-0.2992,47.06,1.734,0.9161,17,-0.1343,-0.1597,-1.76,60.32,0.652,0.905,0
58.0,42.0,1.5,2.2,8,0.4,2.0,EUR,10000.0,9970.08,-0.2992,47.06,1.734,0.9161,17,-0.1343,-0.1597,-1.76,60.32,0.652,0.905,0
58.0,42.0,1.5,2.2,8,0.4,3.0,EUR,10000.0,9970.08,-0.2992,47.06,1.734,0.9161,17,-0.1343,-0.1597,-1.76,60.32,0.652,0.905,0
58.0,42.0,1.5,2.2,8,0.8,1.0,EUR,10000.0,9967.23,-0.3277,47.06,1.7487,0.9083,17,-0.1484,-0.1773,-1.93,60.32,0.652,0.905,0
58.0,42.0,1.5,2.2,8,0.8,2.0,EUR,10000.0,9967.23,-0.3277,47.06,1.7487,0.9083,17,-0.1484,-0.1773,-1.93,60.32,0.652,0.905,0
58.0,42.0,1.5,2.2,8,0.8,3.0,EUR,10000.0,9967.23,-0.3277,47.06,1.7487,0.9083,17,-0.1484,-0.1773,-1.93,60.32,0.652,0.905,0
58.0,42.0,1.5,2.2,8,1.5,1.0,EUR,10000.0,9962.25,-0.3775,41.18,1.7746,0.895,17,-0.1807,-0.2243,-2.22,59.79,0.652,0.905,0
58.0,42.0,1.5,2.2,8,1.5,2.0,EUR,10000.0,9962.25,-0.3775,41.18,1.7746,0.895,17,-0.1807,-0.2243,-2.22,59.79,0.652,0.905,0
58.0,42.0,1.5,2.2,8,1.5,3.0,EUR,10000.0,9962.25,-0.3775,41.18,1.7746,0.895,17,-0.1807,-0.2243,-2.22,59.79,0.652,0.905,0
58.0,42.0,1.5,2.2,8,2.0,1.0,EUR,10000.0,9956.53,-0.4347,41.18,1.7931,0.8798,17,-0.2102,-0.2623,-2.56,59.79,0.646,0.811,0
58.0,42.0,1.5,2.2,8,2.0,2.0,EUR,10000.0,9956.53,-0.4347,41.18,1.7931,0.8798,17,-0.2102,-0.2623,-2.56,59.79,0.646,0.811,0
58.0,42.0,1.5,2.2,8,2.0,3.0,EUR,10000.0,9956.53,-0.4347,41.18,1.7931,0.8798,17,-0.2102,-0.2623,-2.56,59.79,0.646,0.811,0
58.0,42.0,1.8,2.8,3,0.4,1.0,EUR,10000.0,10093.52,0.9352,48.0,1.1641,1.3121,25,0.6457,0.7002,3.74,50.79,0.539,0.703,0
58.0,42.0,1.8,2.8,3,0.4,2.0,EUR,10000.0,10093.52,0.9352,48.0,1.1641,1.3121,25,0.6457,0.7002,3.74,50.79,0.539,0.703,0
58.0,42.0,1.8,2.8,3,0.4,3.0,EUR,10000.0,10093.52,0.9352,48.0,1.1641,1.3121,25,0.6457,0.7002,3.74,50.79,0.539,0.703,0
58.0,42.0,1.8,2.8,3,0.8,1.0,EUR,10000.0,10089.14,0.8914,48.0,1.176,1.2956,25,0.6161,0.6735,3.57,50.79,0.54,0.703,0
58.0,42.0,1.8,2.8,3,0.8,2.0,EUR,10000.0,10089.14,0.8914,48.0,1.176,1.2956,25,0.6161,0.6735,3.57,50.79,0.54,0.703,0
58.0,42.0,1.8,2.8,3,0.8,3.0,EUR,10000.0,10089.14,0.8914,48.0,1.176,1.2956,25,0.6161,0.6735,3.57,50.79,0.54,0.703,0
58.0,42.0,1.8,2.8,3,1.5,1.0,EUR,10000.0,10081.47,0.8147,48.0,1.1968,1.2673,25,0.5643,0.6311,3.26,50.79,0.54,0.704,0
58.0,42.0,1.8,2.8,3,1.5,2.0,EUR,10000.0,10081.47,0.8147,48.0,1.1968,1.2673,25,0.5643,0.6311,3.26,50.79,0.54,0.704,0
58.0,42.0,1.8,2.8,3,1.5,3.0,EUR,10000.0,10081.47,0.8147,48.0,1.1968,1.2673,25,0.5643,0.6311,3.26,50.79,0.54,0.704,0
58.0,42.0,1.8,2.8,3,2.0,1.0,EUR,10000.0,10076.0,0.76,48.0,1.2116,1.2473,25,0.5272,0.5956,3.04,50.79,0.54,0.704,0
58.0,42.0,1.8,2.8,3,2.0,2.0,EUR,10000.0,10076.0,0.76,48.0,1.2116,1.2473,25,0.5272,0.5956,3.04,50.79,0.54,0.704,0
58.0,42.0,1.8,2.8,3,2.0,3.0,EUR,10000.0,10076.0,0.76,48.0,1.2116,1.2473,25,0.5272,0.5956,3.04,50.79,0.54,0.704,0
58.0,42.0,1.8,2.8,5,0.4,1.0,EUR,10000.0,10079.9,0.799,58.82,1.3717,1.4938,17,0.5386,0.6121,4.7,51.85,0.54,0.702,0
58.0,42.0,1.8,2.8,5,0.4,2.0,EUR,10000.0,10079.9,0.799,58.82,1.3717,1.4938,17,0.5386,0.6121,4.7,51.85,0.54,0.702,0
58.0,42.0,1.8,2.8,5,0.4,3.0,EUR,10000.0,10079.9,0.799,58.82,1.3717,1.4938,17,0.5386,0.6121,4.7,51.85,0.54,0.702,0
58.0,42.0,1.8,2.8,5,0.8,1.0,EUR,10000.0,10076.8,0.768,58.82,1.3802,1.4718,17,0.5182,0.5917,4.52,51.85,0.54,0.703,0
58.0,42.0,1.8,2.8,5,0.8,2.0,EUR,10000.0,10076.8,0.768,58.82,1.3802,1.4718,17,0.5182,0.5917,4.52,51.85,0.54,0.703,0
58.0,42.0,1.8,2.8,5,0.8,3.0,EUR,10000.0,10076.8,0.768,58.82,1.3802,1.4718,17,0.5182,0.5917,4.52,51.85,0.54,0.703,0
58.0,42.0,1.8,2.8,5,1.5,1.0,EUR,10000.0,10071.39,0.7139,58.82,1.395,1.4337,17,0.4824,0.5563,4.2,51.85,0.54,0.703,0
58.0,42.0,1.8,2.8,5,1.5,2.0,EUR,10000.0,10071.39,0.7139,58.82,1.395,1.4337,17,0.4824,0.5563,4.2,51.85,0.54,0.703,0
58.0,42.0,1.8,2.8,5,1.5,3.0,EUR,10000.0,10071.39,0.7139,58.82,1.395,1.4337,17,0.4824,0.5563,4.2,51.85,0.54,0.703,0
58.0,42.0,1.8,2.8,5,2.0,1.0,EUR,10000.0,10067.53,0.6753,58.82,1.4056,1.4068,17,0.4568,0.5301,3.97,51.85,0.54,0.703,0
58.0,42.0,1.8,2.8,5,2.0,2.0,EUR,10000.0,10067.53,0.6753,58.82,1.4056,1.4068,17,0.4568,0.5301,3.97,51.85,0.54,0.703,0
58.0,42.0,1.8,2.8,5,2.0,3.0,EUR,10000.0,10067.53,0.6753,58.82,1.4056,1.4068,17,0.4568,0.5301,3.97,51.85,0.54,0.703,0
58.0,42.0,1.8,2.8,8,0.4,1.0,EUR,10000.0,9965.46,-0.3454,46.67,1.7492,0.8351,15,-0.1847,-0.2193,-2.3,66.14,0.552,0.71,0
58.0,42.0,1.8,2.8,8,0.4,2.0,EUR,10000.0,9965.46,-0.3454,46.67,1.7492,0.8351,15,-0.1847,-0.2193,-2.3,66.14,0.552,0.71,0
58.0,42.0,1.8,2.8,8,0.4,3.0,EUR,10000.0,9965.46,-0.3454,46.67,1.7492,0.8351,15,-0.1847,-0.2193,-2.3,66.14,0.552,0.71,0
58.0,42.0,1.8,2.8,8,0.8,1.0,EUR,10000.0,9962.83,-0.3717,46.67,1.7574,0.8236,15,-0.1997,-0.238,-2.48,66.14,0.552,0.71,0
58.0,42.0,1.8,2.8,8,0.8,2.0,EUR,10000.0,9962.83,-0.3717,46.67,1.7574,0.8236,15,-0.1997,-0.238,-2.48,66.14,0.552,0.71,0
58.0,42.0,1.8,2.8,8,0.8,3.0,EUR,10000.0,9962.83,-0.3717,46.67,1.7574,0.8236,15,-0.1997,-0.238,-2.48,66.14,0.552,0.71,0
58.0,42.0,1.8,2.8,8,1.5,1.0,EUR,10000.0,9958.0,-0.42,40.0,1.7772,0.8027,15,-0.2306,-0.2743,-2.8,66.14,0.545,0.709,0
58.0,42.0,1.8,2.8,8,1.5,2.0,EUR,10000.0,9958.0,-0.42,40.0,1.7772,0.8027,15,-0.2306,-0.2743,-2.8,66.14,0.545,0.709,0
58.0,42.0,1.8,2.8,8,1.5,3.0,EUR,10000.0,9958.0,-0.42,40.0,1.7772,0.8027,15,-0.2306,-0.2743,-2.8,66.14,0.545,0.709,0
58.0,42.0,1.8,2.8,8,2.0,1.0,EUR,10000.0,9954.76,-0.4524,40.0,1.7949,0.789,15,-0.2494,-0.2981,-3.02,66.14,0.545,0.709,0
58.0,42.0,1.8,2.8,8,2.0,2.0,EUR,10000.0,9954.76,-0.4524,40.0,1.7949,0.789,15,-0.2494,-0.2981,-3.02,66.14,0.545,0.709,0
58.0,42.0,1.8,2.8,8,2.0,3.0,EUR,10000.0,9954.76,-0.4524,40.0,1.7949,0.789,15,-0.2494,-0.2981,-3.02,66.14,0.545,0.709,0
