configId,max_concurrent_positions,min_bars_between_entries,max_portfolio_risk_pct,max_gross_exposure_multiple,same_direction_only,medianReturnTrain,meanReturnTrain,positiveYearsTrain,worstYearTrain,medianDDTrain,medianSharpeTrain,medianPFTrain,robustScore,selectedFor2026Test
47,3,3,0.04,4.0,True,3.729,3.310733333333333,4,-6.0229,9.64015,0.33235000000000003,1.15175,2.0839591666666664,True
45,3,3,0.03,4.0,True,2.84065,2.3628833333333334,5,-4.6512,9.17585,0.3094,1.0484499999999999,1.3221033333333334,False
53,3,5,0.04,4.0,True,2.2196000000000002,1.3160166666666668,4,-6.1599,9.3516,0.24125000000000002,0.99785,0.6003841666666668,False
50,3,5,0.03,2.5,True,1.4169,1.2634333333333334,4,-3.913,7.2812,0.19680000000000003,0.95305,0.19620666666666656,False
25,2,3,0.02,4.0,True,1.4358,0.3449500000000001,4,-6.6398,7.4832,0.21384999999999998,1.0034,0.18067416666666639,False
43,3,3,0.02,4.0,True,1.4358,0.3449500000000001,4,-6.6398,7.4832,0.21384999999999998,1.0034,0.18067416666666639,False
24,2,3,0.02,2.5,True,1.42495,0.34133333333333327,4,-6.6398,7.48395,0.21425,1.0025499999999998,0.16981416666666652,False
42,3,3,0.02,2.5,True,1.42495,0.34133333333333327,4,-6.6398,7.48395,0.21425,1.0025499999999998,0.16981416666666652,False
30,2,5,0.02,2.5,True,1.0661,1.0949666666666664,4,-2.5874,6.66695,0.16745,1.08185,-0.04201583333333345,False
31,2,5,0.02,4.0,True,1.0661,1.0949666666666664,4,-2.5874,6.66695,0.16745,1.08185,-0.04201583333333345,False
48,3,5,0.02,2.5,True,1.0661,1.0949666666666664,4,-2.5874,6.66695,0.16745,1.08185,-0.04201583333333345,False
49,3,5,0.02,4.0,True,1.0661,1.0949666666666664,4,-2.5874,6.66695,0.16745,1.08185,-0.04201583333333345,False
44,3,3,0.03,2.5,True,1.4373,1.6622500000000002,5,-4.6512,9.056049999999999,0.18745,1.0365,-0.09996916666666658,False
46,3,3,0.04,2.5,True,1.4373,1.9222333333333335,5,-4.4499,9.1027,0.18745,1.0365,-0.10929916666666686,False
12,1,5,0.02,2.5,True,0.49589999999999995,-0.15505000000000013,3,-4.4236,4.43185,0.12230000000000002,1.00625,-0.222665,False
13,1,5,0.02,4.0,True,0.49589999999999995,-0.15505000000000013,3,-4.4236,4.43185,0.12230000000000002,1.00625,-0.222665,False
14,1,5,0.03,2.5,True,0.49589999999999995,-0.15505000000000013,3,-4.4236,4.43185,0.12230000000000002,1.00625,-0.222665,False
15,1,5,0.03,4.0,True,0.49589999999999995,-0.15505000000000013,3,-4.4236,4.43185,0.12230000000000002,1.00625,-0.222665,False
16,1,5,0.04,2.5,True,0.49589999999999995,-0.15505000000000013,3,-4.4236,4.43185,0.12230000000000002,1.00625,-0.222665,False
17,1,5,0.04,4.0,True,0.49589999999999995,-0.15505000000000013,3,-4.4236,4.43185,0.12230000000000002,1.00625,-0.222665,False
52,3,5,0.04,2.5,True,0.86145,1.0255333333333334,4,-5.4168,7.599,0.136,0.92475,-0.4440833333333334,False
40,3,1,0.04,2.5,True,1.47955,-0.019983333333333242,3,-8.8685,11.35595,0.17015000000000002,0.89275,-0.6070875000000004,False
26,2,3,0.03,2.5,True,0.9195500000000001,0.09023333333333339,4,-7.2497,8.80025,0.1416,0.9491,-0.6242733333333333,False
28,2,3,0.04,2.5,True,0.9195500000000001,0.09023333333333339,4,-7.2497,8.80025,0.1416,0.9491,-0.6242733333333333,False
32,2,5,0.03,2.5,True,0.5278,0.5291000000000001,4,-5.3686,6.8385,0.0995,0.92875,-0.6384083333333335,False
34,2,5,0.04,2.5,True,0.5278,0.5291000000000001,4,-5.3686,6.8385,0.0995,0.92875,-0.6384083333333335,False
38,3,1,0.03,2.5,True,1.1762000000000001,-0.16673333333333332,4,-8.8685,10.6723,0.15395,0.8790500000000001,-0.7377108333333334,False
39,3,1,0.03,4.0,True,1.0583999999999998,-0.1621666666666668,4,-8.9876,10.65305,0.14475,0.87465,-0.8548808333333339,False
6,1,3,0.02,2.5,True,-0.11234999999999995,-0.40786666666666666,3,-3.5665,4.721299999999999,-0.005099999999999993,0.9292,-0.9333949999999998,False
7,1,3,0.02,4.0,True,-0.11234999999999995,-0.40786666666666666,3,-3.5665,4.721299999999999,-0.005099999999999993,0.9292,-0.9333949999999998,False
8,1,3,0.03,2.5,True,-0.11234999999999995,-0.40786666666666666,3,-3.5665,4.721299999999999,-0.005099999999999993,0.9292,-0.9333949999999998,False
9,1,3,0.03,4.0,True,-0.11234999999999995,-0.40786666666666666,3,-3.5665,4.721299999999999,-0.005099999999999993,0.9292,-0.9333949999999998,False
10,1,3,0.04,2.5,True,-0.11234999999999995,-0.40786666666666666,3,-3.5665,4.721299999999999,-0.005099999999999993,0.9292,-0.9333949999999998,False
11,1,3,0.04,4.0,True,-0.11234999999999995,-0.40786666666666666,3,-3.5665,4.721299999999999,-0.005099999999999993,0.9292,-0.9333949999999998,False
0,1,1,0.02,2.5,True,-0.03265000000000001,-0.4792666666666667,3,-3.8622,5.2494499999999995,0.014800000000000008,0.9350499999999999,-0.9523600000000001,False
1,1,1,0.02,4.0,True,-0.03265000000000001,-0.4792666666666667,3,-3.8622,5.2494499999999995,0.014800000000000008,0.9350499999999999,-0.9523600000000001,False
2,1,1,0.03,2.5,True,-0.03265000000000001,-0.4792666666666667,3,-3.8622,5.2494499999999995,0.014800000000000008,0.9350499999999999,-0.9523600000000001,False
3,1,1,0.03,4.0,True,-0.03265000000000001,-0.4792666666666667,3,-3.8622,5.2494499999999995,0.014800000000000008,0.9350499999999999,-0.9523600000000001,False
4,1,1,0.04,2.5,True,-0.03265000000000001,-0.4792666666666667,3,-3.8622,5.2494499999999995,0.014800000000000008,0.9350499999999999,-0.9523600000000001,False
5,1,1,0.04,4.0,True,-0.03265000000000001,-0.4792666666666667,3,-3.8622,5.2494499999999995,0.014800000000000008,0.9350499999999999,-0.9523600000000001,False
20,2,1,0.03,2.5,True,0.11024999999999996,-0.3867666666666669,3,-6.9923,7.8362,0.0567,0.8387500000000001,-1.3121450000000001,False
22,2,1,0.04,2.5,True,0.11024999999999996,-0.3867666666666669,3,-6.9923,7.8362,0.0567,0.8387500000000001,-1.3121450000000001,False
21,2,1,0.03,4.0,True,0.11024999999999996,-1.1749166666666666,3,-9.1226,8.3367,0.0567,0.7994,-1.4122450000000004,False
23,2,1,0.04,4.0,True,0.11024999999999996,-1.1749166666666666,3,-9.1226,8.3367,0.0567,0.7994,-1.4122450000000004,False
33,2,5,0.03,4.0,True,-0.08685000000000001,-0.4559500000000001,3,-5.3686,7.3962,0.0373,0.88385,-1.4280350000000002,False
35,2,5,0.04,4.0,True,-0.08685000000000001,-0.4559500000000001,3,-5.3686,7.3962,0.0373,0.88385,-1.4280350000000002,False
27,2,3,0.03,4.0,True,0.14940000000000003,-0.3451500000000001,3,-7.2497,8.80025,0.058199999999999995,0.9097999999999999,-1.4652800000000001,False
29,2,3,0.04,4.0,True,0.14940000000000003,-0.3451500000000001,3,-7.2497,8.80025,0.058199999999999995,0.9097999999999999,-1.4652800000000001,False
18,2,1,0.02,2.5,True,-0.053,-0.11081666666666672,2,-7.2649,8.13845,0.03455,0.8886499999999999,-1.5852641666666671,False
19,2,1,0.02,4.0,True,-0.053,-0.10719999999999989,2,-7.2649,8.13845,0.03455,0.8886499999999999,-1.5852641666666671,False
51,3,5,0.03,4.0,True,0.03165000000000007,0.38183333333333347,3,-4.0409,9.31475,0.052750000000000005,0.89445,-1.6878375,False
36,3,1,0.02,2.5,True,-0.35109999999999997,-0.0012166666666666437,2,-6.0111,8.13845,0.001749999999999998,0.8729,-1.8948441666666669,False
37,3,1,0.02,4.0,True,-0.35109999999999997,0.0024000000000001798,2,-6.0111,8.13845,0.001749999999999998,0.8729,-1.8948441666666669,False
41,3,1,0.04,4.0,True,-0.7696,-1.4456499999999999,3,-8.9844,11.38655,0.009499999999999995,0.83545,-2.9185849999999998,False
