signalDate,side,probability,healthy,selectedModel,validationAUC,trainingEvents,status
2020-01-01 00:00:00+00:00,1,,False,hist_gradient_boosting,0.2863,326,MODEL_HEALTH_GATE
2020-01-02 00:00:00+00:00,1,,False,hist_gradient_boosting,0.2863,326,MODEL_HEALTH_GATE
2020-01-03 00:00:00+00:00,1,,False,hist_gradient_boosting,0.2863,326,MODEL_HEALTH_GATE
2020-01-06 00:00:00+00:00,1,,False,hist_gradient_boosting,0.234,328,MODEL_HEALTH_GATE
2020-01-07 00:00:00+00:00,1,,False,hist_gradient_boosting,0.234,328,MODEL_HEALTH_GATE
2020-01-20 00:00:00+00:00,-1,,False,hist_gradient_boosting,0.2231,333,MODEL_HEALTH_GATE
2020-01-21 00:00:00+00:00,-1,,False,hist_gradient_boosting,0.2231,333,MODEL_HEALTH_GATE
2020-01-22 00:00:00+00:00,-1,,False,hist_gradient_boosting,0.2231,333,MODEL_HEALTH_GATE
2020-01-23 00:00:00+00:00,-1,,False,hist_gradient_boosting,0.2231,333,MODEL_HEALTH_GATE
2020-01-24 00:00:00+00:00,-1,,False,hist_gradient_boosting,0.2231,333,MODEL_HEALTH_GATE
2020-01-27 00:00:00+00:00,-1,,False,hist_gradient_boosting,0.2231,333,MODEL_HEALTH_GATE
2020-01-28 00:00:00+00:00,-1,,False,hist_gradient_boosting,0.2231,333,MODEL_HEALTH_GATE
2020-01-29 00:00:00+00:00,-1,,False,hist_gradient_boosting,0.2231,333,MODEL_HEALTH_GATE
2020-01-30 00:00:00+00:00,-1,,False,hist_gradient_boosting,0.2231,333,MODEL_HEALTH_GATE
2020-01-31 00:00:00+00:00,-1,,False,hist_gradient_boosting,0.2231,333,MODEL_HEALTH_GATE
2020-02-05 00:00:00+00:00,-1,,False,hist_gradient_boosting,0.2231,333,MODEL_HEALTH_GATE
2020-02-06 00:00:00+00:00,-1,,False,hist_gradient_boosting,0.2231,333,MODEL_HEALTH_GATE
2020-02-07 00:00:00+00:00,-1,,False,hist_gradient_boosting,0.2231,333,MODEL_HEALTH_GATE
2020-02-10 00:00:00+00:00,-1,,False,hist_gradient_boosting,0.3422,336,MODEL_HEALTH_GATE
2020-02-11 00:00:00+00:00,-1,,False,hist_gradient_boosting,0.3844,337,MODEL_HEALTH_GATE
2020-02-12 00:00:00+00:00,-1,,False,hist_gradient_boosting,0.3844,337,MODEL_HEALTH_GATE
2020-02-13 00:00:00+00:00,-1,,False,hist_gradient_boosting,0.3695,338,MODEL_HEALTH_GATE
2020-02-14 00:00:00+00:00,-1,,False,hist_gradient_boosting,0.4619,340,MODEL_HEALTH_GATE
2020-02-17 00:00:00+00:00,-1,,False,hist_gradient_boosting,0.4745,341,MODEL_HEALTH_GATE
2020-02-18 00:00:00+00:00,-1,,False,hist_gradient_boosting,0.4745,341,MODEL_HEALTH_GATE
2020-02-19 00:00:00+00:00,-1,,False,hist_gradient_boosting,0.5031,344,MODEL_HEALTH_GATE
2020-02-20 00:00:00+00:00,-1,,False,hist_gradient_boosting,0.4592,345,MODEL_HEALTH_GATE
2020-02-21 00:00:00+00:00,-1,,False,hist_gradient_boosting,0.4592,345,MODEL_HEALTH_GATE
2020-02-24 00:00:00+00:00,-1,,False,hist_gradient_boosting,0.4592,345,MODEL_HEALTH_GATE
2020-02-25 00:00:00+00:00,-1,,False,hist_gradient_boosting,0.4592,345,MODEL_HEALTH_GATE
2020-03-02 00:00:00+00:00,1,,False,hist_gradient_boosting,0.4208,356,MODEL_HEALTH_GATE
2020-03-03 00:00:00+00:00,1,,False,hist_gradient_boosting,0.4491,358,MODEL_HEALTH_GATE
2020-03-04 00:00:00+00:00,1,,False,hist_gradient_boosting,0.4491,358,MODEL_HEALTH_GATE
2020-03-05 00:00:00+00:00,1,,False,hist_gradient_boosting,0.4491,358,MODEL_HEALTH_GATE
2020-03-06 00:00:00+00:00,1,,False,hist_gradient_boosting,0.4491,358,MODEL_HEALTH_GATE
2020-03-09 00:00:00+00:00,1,,False,hist_gradient_boosting,0.4491,358,MODEL_HEALTH_GATE
2020-03-10 00:00:00+00:00,1,0.4994,True,hist_gradient_boosting,0.6101,362,OK
2020-03-11 00:00:00+00:00,1,0.2966,True,hist_gradient_boosting,0.6101,362,OK
2020-03-12 00:00:00+00:00,1,0.497,True,hist_gradient_boosting,0.6101,362,OK
2020-03-13 00:00:00+00:00,1,0.3976,True,hist_gradient_boosting,0.6101,362,OK
2020-03-18 00:00:00+00:00,-1,0.3648,True,hist_gradient_boosting,0.6101,362,OK
2020-03-19 00:00:00+00:00,-1,0.2921,True,hist_gradient_boosting,0.6101,362,OK
2020-03-20 00:00:00+00:00,-1,0.3061,True,hist_gradient_boosting,0.6101,362,OK
2020-03-23 00:00:00+00:00,-1,0.158,True,hist_gradient_boosting,0.6101,362,OK
2020-03-24 00:00:00+00:00,-1,0.2103,True,hist_gradient_boosting,0.6101,362,OK
2020-03-25 00:00:00+00:00,-1,0.2331,True,hist_gradient_boosting,0.6101,362,OK
2020-03-26 00:00:00+00:00,-1,0.4125,True,hist_gradient_boosting,0.6101,362,OK
2020-04-03 00:00:00+00:00,-1,0.0843,True,hist_gradient_boosting,0.6101,362,OK
2020-04-06 00:00:00+00:00,-1,0.05,True,hist_gradient_boosting,0.6101,362,OK
2020-04-07 00:00:00+00:00,-1,0.1381,True,hist_gradient_boosting,0.6101,362,OK
2020-04-09 00:00:00+00:00,-1,0.0484,True,hist_gradient_boosting,0.6101,362,OK
2020-04-22 00:00:00+00:00,-1,0.1335,True,hist_gradient_boosting,0.6101,362,OK
2020-04-23 00:00:00+00:00,-1,0.0668,True,hist_gradient_boosting,0.6101,362,OK
2020-04-24 00:00:00+00:00,-1,0.0365,True,hist_gradient_boosting,0.6101,362,OK
2020-04-27 00:00:00+00:00,-1,0.0551,True,hist_gradient_boosting,0.6101,362,OK
2020-04-28 00:00:00+00:00,-1,0.187,True,hist_gradient_boosting,0.6101,362,OK
2020-04-29 00:00:00+00:00,-1,0.1576,True,hist_gradient_boosting,0.6101,362,OK
2020-05-12 00:00:00+00:00,-1,0.6309,True,hist_gradient_boosting,0.6101,362,OK
2020-05-15 00:00:00+00:00,-1,0.6787,True,hist_gradient_boosting,0.6101,362,OK
2020-05-20 00:00:00+00:00,1,0.3235,True,hist_gradient_boosting,0.6101,362,OK
2020-05-21 00:00:00+00:00,1,0.2,True,hist_gradient_boosting,0.6101,362,OK
2020-05-22 00:00:00+00:00,1,0.393,True,hist_gradient_boosting,0.6101,362,OK
2020-05-27 00:00:00+00:00,1,0.0731,True,hist_gradient_boosting,0.6101,362,OK
2020-05-28 00:00:00+00:00,1,0.1058,True,hist_gradient_boosting,0.6101,362,OK
2020-05-29 00:00:00+00:00,1,0.324,True,hist_gradient_boosting,0.6101,362,OK
2020-06-01 00:00:00+00:00,1,0.5897,True,hist_gradient_boosting,0.6101,362,OK
2020-06-02 00:00:00+00:00,1,0.7091,True,hist_gradient_boosting,0.6349,387,OK
2020-06-03 00:00:00+00:00,1,0.193,True,hist_gradient_boosting,0.6349,387,OK
2020-06-04 00:00:00+00:00,1,0.2063,True,hist_gradient_boosting,0.6349,387,OK
2020-06-05 00:00:00+00:00,1,0.2692,True,hist_gradient_boosting,0.6349,387,OK
2020-06-08 00:00:00+00:00,1,0.2692,True,hist_gradient_boosting,0.6349,387,OK
2020-06-09 00:00:00+00:00,1,0.2933,True,hist_gradient_boosting,0.6349,387,OK
2020-06-10 00:00:00+00:00,1,0.2153,True,hist_gradient_boosting,0.6349,387,OK
2020-06-11 00:00:00+00:00,1,0.0967,True,hist_gradient_boosting,0.6349,387,OK
2020-06-12 00:00:00+00:00,1,0.3715,True,hist_gradient_boosting,0.6349,387,OK
2020-06-15 00:00:00+00:00,1,0.261,True,hist_gradient_boosting,0.6349,387,OK
2020-06-16 00:00:00+00:00,1,0.4129,True,hist_gradient_boosting,0.6349,387,OK
2020-06-17 00:00:00+00:00,1,0.1719,True,hist_gradient_boosting,0.6349,387,OK
2020-07-15 00:00:00+00:00,1,0.5512,True,hist_gradient_boosting,0.6349,387,OK
2020-07-16 00:00:00+00:00,1,0.695,True,hist_gradient_boosting,0.6349,387,OK
2020-07-17 00:00:00+00:00,1,0.6904,True,hist_gradient_boosting,0.6349,387,OK
2020-07-20 00:00:00+00:00,1,0.7877,True,hist_gradient_boosting,0.6349,387,OK
2020-07-21 00:00:00+00:00,1,0.7619,True,hist_gradient_boosting,0.6349,387,OK
2020-07-22 00:00:00+00:00,1,0.5526,True,hist_gradient_boosting,0.6349,387,OK
2020-07-23 00:00:00+00:00,1,0.9074,True,hist_gradient_boosting,0.6349,387,OK
2020-07-24 00:00:00+00:00,1,0.9626,True,hist_gradient_boosting,0.6349,387,OK
2020-07-27 00:00:00+00:00,1,0.9134,True,hist_gradient_boosting,0.6349,387,OK
2020-07-28 00:00:00+00:00,1,0.7998,True,hist_gradient_boosting,0.6349,387,OK
2020-07-29 00:00:00+00:00,1,0.8225,True,hist_gradient_boosting,0.6349,387,OK
2020-07-30 00:00:00+00:00,1,0.8955,True,hist_gradient_boosting,0.6349,387,OK
2020-07-31 00:00:00+00:00,1,0.8533,True,hist_gradient_boosting,0.6349,387,OK
2020-08-03 00:00:00+00:00,1,0.735,True,hist_gradient_boosting,0.6349,387,OK
2020-08-04 00:00:00+00:00,1,0.6799,True,hist_gradient_boosting,0.6349,387,OK
2020-08-05 00:00:00+00:00,1,0.3954,True,hist_gradient_boosting,0.6349,387,OK
2020-08-06 00:00:00+00:00,1,0.5937,True,hist_gradient_boosting,0.6349,387,OK
2020-08-07 00:00:00+00:00,1,0.2841,True,hist_gradient_boosting,0.6349,387,OK
2020-08-10 00:00:00+00:00,1,0.2758,True,hist_gradient_boosting,0.6349,387,OK
2020-09-23 00:00:00+00:00,-1,0.7929,True,hist_gradient_boosting,0.75,425,OK
2020-09-24 00:00:00+00:00,-1,0.8726,True,hist_gradient_boosting,0.75,425,OK
2020-09-25 00:00:00+00:00,-1,0.9184,True,hist_gradient_boosting,0.75,425,OK
2020-09-28 00:00:00+00:00,-1,0.8765,True,hist_gradient_boosting,0.75,425,OK
2020-09-29 00:00:00+00:00,-1,0.7377,True,hist_gradient_boosting,0.75,425,OK
2020-10-12 00:00:00+00:00,1,0.7632,True,hist_gradient_boosting,0.75,425,OK
2020-10-13 00:00:00+00:00,1,0.7476,True,hist_gradient_boosting,0.75,425,OK
2020-10-21 00:00:00+00:00,1,0.2751,True,hist_gradient_boosting,0.75,425,OK
2020-10-22 00:00:00+00:00,1,0.465,True,hist_gradient_boosting,0.75,425,OK
2020-10-26 00:00:00+00:00,1,0.5843,True,hist_gradient_boosting,0.75,425,OK
2020-10-30 00:00:00+00:00,-1,0.5227,True,hist_gradient_boosting,0.75,425,OK
2020-11-02 00:00:00+00:00,-1,0.8232,True,hist_gradient_boosting,0.75,425,OK
2020-11-03 00:00:00+00:00,-1,0.878,True,hist_gradient_boosting,0.75,425,OK
2020-11-09 00:00:00+00:00,1,0.2286,True,hist_gradient_boosting,0.75,425,OK
2020-11-16 00:00:00+00:00,1,0.1881,True,hist_gradient_boosting,0.75,425,OK
2020-11-17 00:00:00+00:00,1,0.2123,True,hist_gradient_boosting,0.75,425,OK
2020-11-18 00:00:00+00:00,1,0.3277,True,hist_gradient_boosting,0.75,425,OK
2020-11-19 00:00:00+00:00,1,0.7474,True,hist_gradient_boosting,0.75,425,OK
2020-11-20 00:00:00+00:00,1,0.4087,True,hist_gradient_boosting,0.75,425,OK
2020-11-23 00:00:00+00:00,1,0.6498,True,hist_gradient_boosting,0.75,425,OK
2020-11-25 00:00:00+00:00,1,0.4495,True,hist_gradient_boosting,0.75,425,OK
2020-11-26 00:00:00+00:00,1,0.432,True,hist_gradient_boosting,0.75,425,OK
2020-11-27 00:00:00+00:00,1,0.5186,True,hist_gradient_boosting,0.75,425,OK
2020-11-30 00:00:00+00:00,1,0.4417,True,hist_gradient_boosting,0.75,425,OK
2020-12-01 00:00:00+00:00,1,0.5294,True,hist_gradient_boosting,0.75,425,OK
2020-12-02 00:00:00+00:00,1,0.8501,True,hist_gradient_boosting,0.75,425,OK
2020-12-03 00:00:00+00:00,1,0.8743,True,hist_gradient_boosting,0.75,425,OK
2020-12-04 00:00:00+00:00,1,0.8894,True,hist_gradient_boosting,0.75,425,OK
2020-12-07 00:00:00+00:00,1,0.802,True,hist_gradient_boosting,0.75,425,OK
2020-12-08 00:00:00+00:00,1,0.933,True,hist_gradient_boosting,0.75,425,OK
2020-12-09 00:00:00+00:00,1,0.8424,True,hist_gradient_boosting,0.75,425,OK
2020-12-10 00:00:00+00:00,1,0.8411,True,hist_gradient_boosting,0.75,425,OK
2020-12-11 00:00:00+00:00,1,0.905,True,hist_gradient_boosting,0.75,425,OK
2020-12-14 00:00:00+00:00,1,0.85,True,hist_gradient_boosting,0.75,425,OK
2020-12-15 00:00:00+00:00,1,0.9022,True,hist_gradient_boosting,0.75,425,OK
2020-12-16 00:00:00+00:00,1,0.8659,True,hist_gradient_boosting,0.6989,446,OK
2020-12-17 00:00:00+00:00,1,0.9196,True,hist_gradient_boosting,0.6989,446,OK
2020-12-18 00:00:00+00:00,1,0.8495,True,hist_gradient_boosting,0.6989,446,OK
2020-12-21 00:00:00+00:00,1,0.9353,True,hist_gradient_boosting,0.6989,446,OK
2020-12-22 00:00:00+00:00,1,0.8968,True,hist_gradient_boosting,0.6989,446,OK
2020-12-23 00:00:00+00:00,1,0.8786,True,hist_gradient_boosting,0.6989,446,OK
2021-01-18 00:00:00+00:00,-1,0.2037,True,hist_gradient_boosting,0.6989,446,OK
2021-01-19 00:00:00+00:00,-1,0.2096,True,hist_gradient_boosting,0.6989,446,OK
2021-01-28 00:00:00+00:00,-1,0.2582,True,hist_gradient_boosting,0.6989,446,OK
2021-02-02 00:00:00+00:00,-1,0.2366,True,hist_gradient_boosting,0.6989,446,OK
2021-02-03 00:00:00+00:00,-1,0.4656,True,hist_gradient_boosting,0.6989,446,OK
2021-02-04 00:00:00+00:00,-1,0.4136,True,hist_gradient_boosting,0.6989,446,OK
2021-02-05 00:00:00+00:00,-1,0.4262,True,hist_gradient_boosting,0.6989,446,OK
2021-02-08 00:00:00+00:00,-1,0.2291,True,hist_gradient_boosting,0.6989,446,OK
2021-02-09 00:00:00+00:00,-1,0.2819,True,hist_gradient_boosting,0.6989,446,OK
2021-02-23 00:00:00+00:00,1,0.6313,True,hist_gradient_boosting,0.6989,446,OK
2021-02-25 00:00:00+00:00,1,0.4759,True,hist_gradient_boosting,0.6989,446,OK
2021-03-02 00:00:00+00:00,-1,0.4757,True,hist_gradient_boosting,0.6989,446,OK
2021-03-04 00:00:00+00:00,-1,0.6681,True,hist_gradient_boosting,0.6989,446,OK
2021-03-05 00:00:00+00:00,-1,0.8354,True,hist_gradient_boosting,0.6989,446,OK
2021-03-08 00:00:00+00:00,-1,0.7578,True,hist_gradient_boosting,0.6989,446,OK
2021-03-09 00:00:00+00:00,-1,0.8718,True,hist_gradient_boosting,0.6989,446,OK
2021-03-10 00:00:00+00:00,-1,0.4681,True,logistic,0.7157,477,OK
2021-03-11 00:00:00+00:00,-1,0.5013,True,logistic,0.7157,477,OK
2021-03-12 00:00:00+00:00,-1,0.5012,True,logistic,0.7157,477,OK
2021-03-15 00:00:00+00:00,-1,0.4386,True,logistic,0.7157,477,OK
2021-03-16 00:00:00+00:00,-1,0.3883,True,logistic,0.7157,477,OK
2021-03-17 00:00:00+00:00,-1,0.3975,True,logistic,0.7157,477,OK
2021-03-19 00:00:00+00:00,-1,0.4124,True,logistic,0.7157,477,OK
2021-03-22 00:00:00+00:00,-1,0.3782,True,logistic,0.7157,477,OK
2021-03-23 00:00:00+00:00,-1,0.384,True,logistic,0.7157,477,OK
2021-03-24 00:00:00+00:00,-1,0.305,True,logistic,0.7157,477,OK
2021-03-25 00:00:00+00:00,-1,0.3185,True,logistic,0.7157,477,OK
2021-03-26 00:00:00+00:00,-1,0.2903,True,logistic,0.7157,477,OK
2021-03-29 00:00:00+00:00,-1,0.3264,True,logistic,0.7157,477,OK
2021-03-30 00:00:00+00:00,-1,0.3489,True,logistic,0.7157,477,OK
2021-03-31 00:00:00+00:00,-1,0.2906,True,logistic,0.7157,477,OK
2021-04-01 00:00:00+00:00,-1,0.3125,True,logistic,0.7157,477,OK
2021-04-02 00:00:00+00:00,-1,0.3819,True,logistic,0.7157,477,OK
2021-04-05 00:00:00+00:00,-1,0.3813,True,logistic,0.7157,477,OK
2021-04-15 00:00:00+00:00,1,0.4009,True,logistic,0.7157,477,OK
2021-04-16 00:00:00+00:00,1,0.4168,True,logistic,0.7157,477,OK
2021-04-19 00:00:00+00:00,1,0.4477,True,logistic,0.7157,477,OK
2021-04-20 00:00:00+00:00,1,0.5144,True,logistic,0.7157,477,OK
2021-04-21 00:00:00+00:00,1,0.5576,True,logistic,0.7157,477,OK
2021-04-22 00:00:00+00:00,1,0.5726,True,logistic,0.7157,477,OK
2021-04-23 00:00:00+00:00,1,0.5393,True,logistic,0.7157,477,OK
2021-04-26 00:00:00+00:00,1,0.5824,True,logistic,0.7157,477,OK
2021-04-27 00:00:00+00:00,1,0.5523,True,logistic,0.7157,477,OK
2021-04-28 00:00:00+00:00,1,0.5681,True,logistic,0.7157,477,OK
2021-04-29 00:00:00+00:00,1,0.5879,True,logistic,0.7157,477,OK
2021-04-30 00:00:00+00:00,1,0.6298,True,logistic,0.7157,477,OK
2021-05-04 00:00:00+00:00,1,0.4342,True,logistic,0.7157,477,OK
2021-05-10 00:00:00+00:00,1,0.4212,True,logistic,0.7157,477,OK
2021-05-11 00:00:00+00:00,1,0.4145,True,logistic,0.7157,477,OK
2021-05-12 00:00:00+00:00,1,0.4704,True,logistic,0.7157,477,OK
2021-05-17 00:00:00+00:00,1,0.3556,True,logistic,0.7157,477,OK
2021-05-18 00:00:00+00:00,1,0.4372,True,logistic,0.7157,477,OK
2021-05-19 00:00:00+00:00,1,0.4434,True,logistic,0.7157,477,OK
2021-05-20 00:00:00+00:00,1,0.4676,True,logistic,0.7157,477,OK
2021-05-21 00:00:00+00:00,1,0.4607,True,logistic,0.7157,477,OK
2021-05-24 00:00:00+00:00,1,0.4613,True,logistic,0.7157,477,OK
2021-05-25 00:00:00+00:00,1,0.4474,True,logistic,0.7157,477,OK
2021-05-26 00:00:00+00:00,1,0.4345,True,logistic,0.7157,477,OK
2021-05-27 00:00:00+00:00,1,0.4429,True,logistic,0.7157,477,OK
2021-05-28 00:00:00+00:00,1,0.4246,True,logistic,0.7157,477,OK
2021-06-17 00:00:00+00:00,-1,0.1472,True,logistic,0.7553,526,OK
2021-06-18 00:00:00+00:00,-1,0.1842,True,logistic,0.7553,526,OK
2021-06-21 00:00:00+00:00,-1,0.2604,True,logistic,0.7553,526,OK
2021-06-22 00:00:00+00:00,-1,0.3516,True,logistic,0.7553,526,OK
2021-06-23 00:00:00+00:00,-1,0.3774,True,logistic,0.7553,526,OK
2021-06-24 00:00:00+00:00,-1,0.3702,True,logistic,0.7553,526,OK
2021-06-25 00:00:00+00:00,-1,0.3394,True,logistic,0.7553,526,OK
2021-06-28 00:00:00+00:00,-1,0.3251,True,logistic,0.7553,526,OK
2021-06-29 00:00:00+00:00,-1,0.3087,True,logistic,0.7553,526,OK
2021-06-30 00:00:00+00:00,-1,0.2932,True,logistic,0.7553,526,OK
2021-07-01 00:00:00+00:00,-1,0.2481,True,logistic,0.7553,526,OK
2021-07-02 00:00:00+00:00,-1,0.2734,True,logistic,0.7553,526,OK
2021-07-05 00:00:00+00:00,-1,0.2608,True,logistic,0.7553,526,OK
2021-07-06 00:00:00+00:00,-1,0.2555,True,logistic,0.7553,526,OK
2021-07-07 00:00:00+00:00,-1,0.2153,True,logistic,0.7553,526,OK
2021-07-08 00:00:00+00:00,-1,0.1879,True,logistic,0.7553,526,OK
2021-07-09 00:00:00+00:00,-1,0.2245,True,logistic,0.7553,526,OK
2021-07-12 00:00:00+00:00,-1,0.2488,True,logistic,0.7553,526,OK
2021-07-14 00:00:00+00:00,-1,0.0951,True,logistic,0.7553,526,OK
2021-08-10 00:00:00+00:00,-1,0.1842,True,logistic,0.7553,526,OK
2021-08-11 00:00:00+00:00,-1,0.264,True,logistic,0.7553,526,OK
2021-08-12 00:00:00+00:00,-1,0.3544,True,logistic,0.7553,526,OK
2021-08-13 00:00:00+00:00,-1,0.3819,True,logistic,0.7553,526,OK
2021-08-18 00:00:00+00:00,-1,0.3022,True,logistic,0.7553,526,OK
2021-08-19 00:00:00+00:00,-1,0.3235,True,logistic,0.7553,526,OK
2021-08-20 00:00:00+00:00,-1,0.303,True,logistic,0.7553,526,OK
2021-08-23 00:00:00+00:00,-1,0.3708,True,logistic,0.7553,526,OK
2021-08-24 00:00:00+00:00,-1,0.4514,True,logistic,0.7553,526,OK
2021-09-02 00:00:00+00:00,1,0.3322,True,logistic,0.7553,526,OK
2021-09-03 00:00:00+00:00,1,0.3657,True,logistic,0.7553,526,OK
2021-09-06 00:00:00+00:00,1,0.4799,True,logistic,0.7553,526,OK
2021-09-07 00:00:00+00:00,1,0.5146,True,logistic,0.7553,526,OK
2021-09-08 00:00:00+00:00,1,0.4918,True,logistic,0.7553,526,OK
2021-09-17 00:00:00+00:00,-1,0.4435,True,logistic,0.7156,555,OK
2021-09-20 00:00:00+00:00,-1,0.3841,True,logistic,0.7156,555,OK
2021-09-21 00:00:00+00:00,-1,0.4373,True,logistic,0.7156,555,OK
2021-09-22 00:00:00+00:00,-1,0.4507,True,logistic,0.7156,555,OK
2021-09-23 00:00:00+00:00,-1,0.4355,True,logistic,0.7156,555,OK
2021-09-24 00:00:00+00:00,-1,0.5688,True,logistic,0.7156,555,OK
2021-09-27 00:00:00+00:00,-1,0.5184,True,logistic,0.7156,555,OK
2021-09-28 00:00:00+00:00,-1,0.4602,True,logistic,0.7156,555,OK
2021-09-29 00:00:00+00:00,-1,0.4912,True,logistic,0.7156,555,OK
2021-09-30 00:00:00+00:00,-1,0.3798,True,logistic,0.7156,555,OK
2021-10-01 00:00:00+00:00,-1,0.4154,True,logistic,0.7156,555,OK
2021-10-04 00:00:00+00:00,-1,0.4552,True,logistic,0.7156,555,OK
2021-10-05 00:00:00+00:00,-1,0.4483,True,logistic,0.7156,555,OK
2021-10-06 00:00:00+00:00,-1,0.4323,True,logistic,0.7156,555,OK
2021-10-07 00:00:00+00:00,-1,0.3667,True,logistic,0.7156,555,OK
2021-10-08 00:00:00+00:00,-1,0.3621,True,logistic,0.7156,555,OK
2021-10-11 00:00:00+00:00,-1,0.3442,True,logistic,0.7156,555,OK
2021-10-12 00:00:00+00:00,-1,0.311,True,logistic,0.7156,555,OK
2021-10-13 00:00:00+00:00,-1,0.2653,True,logistic,0.7156,555,OK
2021-10-14 00:00:00+00:00,-1,0.2867,True,logistic,0.7156,555,OK
2021-10-15 00:00:00+00:00,-1,0.241,True,logistic,0.7156,555,OK
2021-11-11 00:00:00+00:00,-1,0.2007,True,logistic,0.7156,555,OK
2021-11-12 00:00:00+00:00,-1,0.2552,True,logistic,0.7156,555,OK
2021-11-15 00:00:00+00:00,-1,0.3177,True,logistic,0.7156,555,OK
2021-11-16 00:00:00+00:00,-1,0.344,True,logistic,0.7156,555,OK
2021-11-17 00:00:00+00:00,-1,0.4226,True,logistic,0.7156,555,OK
2021-11-18 00:00:00+00:00,-1,0.4724,True,logistic,0.7156,555,OK
2021-11-19 00:00:00+00:00,-1,0.5631,True,logistic,0.7156,555,OK
2021-11-22 00:00:00+00:00,-1,0.4443,True,logistic,0.7156,555,OK
2021-11-23 00:00:00+00:00,-1,0.4618,True,logistic,0.7156,555,OK
2021-11-24 00:00:00+00:00,-1,0.4995,True,logistic,0.7156,555,OK
2021-11-25 00:00:00+00:00,-1,0.4488,True,logistic,0.7156,555,OK
2021-11-26 00:00:00+00:00,-1,0.4266,True,logistic,0.7156,555,OK
2021-11-29 00:00:00+00:00,-1,0.5352,True,logistic,0.7156,555,OK
2021-11-30 00:00:00+00:00,-1,0.4502,True,logistic,0.7156,555,OK
2022-01-13 00:00:00+00:00,1,0.2875,True,logistic,0.6284,594,OK
2022-01-14 00:00:00+00:00,1,0.3604,True,logistic,0.6284,594,OK
2022-01-17 00:00:00+00:00,1,0.3603,True,logistic,0.6284,594,OK
2022-01-18 00:00:00+00:00,1,0.3724,True,logistic,0.6284,594,OK
2022-01-27 00:00:00+00:00,-1,0.4303,True,logistic,0.6284,594,OK
2022-01-28 00:00:00+00:00,-1,0.3979,True,logistic,0.6284,594,OK
2022-01-31 00:00:00+00:00,-1,0.478,True,logistic,0.6284,594,OK
2022-02-01 00:00:00+00:00,-1,0.6152,True,logistic,0.6284,594,OK
2022-02-04 00:00:00+00:00,1,0.2406,True,logistic,0.6284,594,OK
2022-02-07 00:00:00+00:00,1,0.3313,True,logistic,0.6284,594,OK
2022-02-08 00:00:00+00:00,1,0.3621,True,logistic,0.6284,594,OK
2022-02-09 00:00:00+00:00,1,0.387,True,logistic,0.6284,594,OK
2022-02-10 00:00:00+00:00,1,0.4877,True,logistic,0.6284,594,OK
2022-02-11 00:00:00+00:00,1,0.4855,True,logistic,0.6284,594,OK
2022-02-25 00:00:00+00:00,-1,0.516,True,logistic,0.6284,594,OK
2022-02-28 00:00:00+00:00,-1,0.5434,True,logistic,0.6284,594,OK
2022-03-01 00:00:00+00:00,-1,0.6037,True,logistic,0.6284,594,OK
2022-03-02 00:00:00+00:00,-1,0.5256,True,logistic,0.6284,594,OK
2022-03-03 00:00:00+00:00,-1,0.5362,True,logistic,0.6284,594,OK
2022-03-04 00:00:00+00:00,-1,0.6807,True,logistic,0.6284,594,OK
2022-03-07 00:00:00+00:00,-1,0.5455,True,logistic,0.6284,594,OK
2022-03-08 00:00:00+00:00,-1,0.6101,True,logistic,0.6284,594,OK
2022-03-09 00:00:00+00:00,-1,0.6684,True,logistic,0.6284,594,OK
2022-03-10 00:00:00+00:00,-1,0.655,True,logistic,0.6284,594,OK
2022-03-11 00:00:00+00:00,-1,0.5863,True,logistic,0.6284,594,OK
2022-03-14 00:00:00+00:00,-1,0.5409,True,logistic,0.6284,594,OK
2022-03-15 00:00:00+00:00,-1,0.5641,True,logistic,0.6284,594,OK
2022-03-16 00:00:00+00:00,-1,0.5451,True,logistic,0.6284,594,OK
2022-03-17 00:00:00+00:00,-1,0.536,True,logistic,0.6284,594,OK
2022-04-07 00:00:00+00:00,-1,0.0801,True,hist_gradient_boosting,0.7028,623,OK
2022-04-08 00:00:00+00:00,-1,0.1017,True,hist_gradient_boosting,0.7028,623,OK
2022-04-11 00:00:00+00:00,-1,0.1703,True,hist_gradient_boosting,0.7028,623,OK
2022-04-12 00:00:00+00:00,-1,0.1652,True,hist_gradient_boosting,0.7028,623,OK
2022-04-13 00:00:00+00:00,-1,0.1454,True,hist_gradient_boosting,0.7028,623,OK
2022-04-14 00:00:00+00:00,-1,0.1259,True,hist_gradient_boosting,0.7028,623,OK
2022-04-15 00:00:00+00:00,-1,0.1366,True,hist_gradient_boosting,0.7028,623,OK
2022-04-18 00:00:00+00:00,-1,0.3221,True,hist_gradient_boosting,0.7028,623,OK
2022-04-19 00:00:00+00:00,-1,0.1713,True,hist_gradient_boosting,0.7028,623,OK
2022-04-20 00:00:00+00:00,-1,0.221,True,hist_gradient_boosting,0.7028,623,OK
2022-04-21 00:00:00+00:00,-1,0.1372,True,hist_gradient_boosting,0.7028,623,OK
2022-04-22 00:00:00+00:00,-1,0.2459,True,hist_gradient_boosting,0.7028,623,OK
2022-04-25 00:00:00+00:00,-1,0.1331,True,hist_gradient_boosting,0.7028,623,OK
2022-04-26 00:00:00+00:00,-1,0.0646,True,hist_gradient_boosting,0.7028,623,OK
2022-04-27 00:00:00+00:00,-1,0.1602,True,hist_gradient_boosting,0.7028,623,OK
2022-04-28 00:00:00+00:00,-1,0.3013,True,hist_gradient_boosting,0.7028,623,OK
2022-04-29 00:00:00+00:00,-1,0.429,True,hist_gradient_boosting,0.7028,623,OK
2022-05-02 00:00:00+00:00,-1,0.3365,True,hist_gradient_boosting,0.7028,623,OK
2022-05-03 00:00:00+00:00,-1,0.3678,True,hist_gradient_boosting,0.7028,623,OK
2022-05-04 00:00:00+00:00,-1,0.2232,True,hist_gradient_boosting,0.7028,623,OK
2022-05-05 00:00:00+00:00,-1,0.1852,True,hist_gradient_boosting,0.7028,623,OK
2022-05-06 00:00:00+00:00,-1,0.1256,True,hist_gradient_boosting,0.7028,623,OK
2022-05-09 00:00:00+00:00,-1,0.0721,True,hist_gradient_boosting,0.7028,623,OK
2022-05-10 00:00:00+00:00,-1,0.1021,True,hist_gradient_boosting,0.7028,623,OK
2022-05-13 00:00:00+00:00,-1,0.0408,True,hist_gradient_boosting,0.7028,623,OK
2022-05-16 00:00:00+00:00,-1,0.039,True,hist_gradient_boosting,0.7028,623,OK
2022-05-17 00:00:00+00:00,-1,0.0352,True,hist_gradient_boosting,0.7028,623,OK
2022-05-31 00:00:00+00:00,1,0.0376,True,hist_gradient_boosting,0.7028,623,OK
2022-06-03 00:00:00+00:00,1,0.0182,True,hist_gradient_boosting,0.7028,623,OK
2022-06-13 00:00:00+00:00,-1,0.3025,True,hist_gradient_boosting,0.7028,623,OK
2022-06-14 00:00:00+00:00,-1,0.0755,True,hist_gradient_boosting,0.7028,623,OK
2022-06-15 00:00:00+00:00,-1,0.0387,True,hist_gradient_boosting,0.7028,623,OK
2022-06-16 00:00:00+00:00,-1,0.0461,True,hist_gradient_boosting,0.7028,623,OK
2022-06-20 00:00:00+00:00,-1,0.0407,True,hist_gradient_boosting,0.7028,623,OK
2022-06-21 00:00:00+00:00,-1,0.0625,True,hist_gradient_boosting,0.7028,623,OK
2022-06-24 00:00:00+00:00,-1,0.0436,True,hist_gradient_boosting,0.7028,623,OK
2022-06-30 00:00:00+00:00,-1,0.1359,True,hist_gradient_boosting,0.6288,653,OK
2022-07-01 00:00:00+00:00,-1,0.1549,True,hist_gradient_boosting,0.6288,653,OK
2022-07-04 00:00:00+00:00,-1,0.1305,True,hist_gradient_boosting,0.6288,653,OK
2022-07-05 00:00:00+00:00,-1,0.0875,True,hist_gradient_boosting,0.6288,653,OK
2022-07-06 00:00:00+00:00,-1,0.018,True,hist_gradient_boosting,0.6288,653,OK
2022-07-07 00:00:00+00:00,-1,0.0187,True,hist_gradient_boosting,0.6288,653,OK
2022-07-08 00:00:00+00:00,-1,0.0144,True,hist_gradient_boosting,0.6288,653,OK
2022-07-11 00:00:00+00:00,-1,0.0116,True,hist_gradient_boosting,0.6288,653,OK
2022-07-12 00:00:00+00:00,-1,0.0119,True,hist_gradient_boosting,0.6288,653,OK
2022-07-13 00:00:00+00:00,-1,0.0114,True,hist_gradient_boosting,0.6288,653,OK
2022-07-14 00:00:00+00:00,-1,0.0154,True,hist_gradient_boosting,0.6288,653,OK
2022-07-15 00:00:00+00:00,-1,0.0205,True,hist_gradient_boosting,0.6288,653,OK
2022-07-18 00:00:00+00:00,-1,0.0167,True,hist_gradient_boosting,0.6288,653,OK
2022-07-19 00:00:00+00:00,-1,0.0899,True,hist_gradient_boosting,0.6288,653,OK
2022-07-20 00:00:00+00:00,-1,0.1233,True,hist_gradient_boosting,0.6288,653,OK
2022-08-19 00:00:00+00:00,-1,0.058,True,hist_gradient_boosting,0.6288,653,OK
2022-08-22 00:00:00+00:00,-1,0.0948,True,hist_gradient_boosting,0.6288,653,OK
2022-08-23 00:00:00+00:00,-1,0.0188,True,hist_gradient_boosting,0.6288,653,OK
2022-08-24 00:00:00+00:00,-1,0.0788,True,hist_gradient_boosting,0.6288,653,OK
2022-08-25 00:00:00+00:00,-1,0.0669,True,hist_gradient_boosting,0.6288,653,OK
2022-08-26 00:00:00+00:00,-1,0.0853,True,hist_gradient_boosting,0.6288,653,OK
2022-08-29 00:00:00+00:00,-1,0.0247,True,hist_gradient_boosting,0.6288,653,OK
2022-08-30 00:00:00+00:00,-1,0.0846,True,hist_gradient_boosting,0.6288,653,OK
2022-08-31 00:00:00+00:00,-1,0.1629,True,hist_gradient_boosting,0.6288,653,OK
2022-09-01 00:00:00+00:00,-1,0.1665,True,hist_gradient_boosting,0.6288,653,OK
2022-09-02 00:00:00+00:00,-1,0.1219,True,hist_gradient_boosting,0.6288,653,OK
2022-09-05 00:00:00+00:00,-1,0.0989,True,hist_gradient_boosting,0.6288,653,OK
2022-09-06 00:00:00+00:00,-1,0.0798,True,hist_gradient_boosting,0.6288,653,OK
2022-09-07 00:00:00+00:00,-1,0.116,True,hist_gradient_boosting,0.6288,653,OK
2022-09-13 00:00:00+00:00,1,0.0294,True,hist_gradient_boosting,0.6288,653,OK
2022-09-22 00:00:00+00:00,-1,,False,hist_gradient_boosting,0.5192,688,MODEL_HEALTH_GATE
2022-09-23 00:00:00+00:00,-1,,False,hist_gradient_boosting,0.5192,688,MODEL_HEALTH_GATE
2022-09-26 00:00:00+00:00,-1,0.3022,True,hist_gradient_boosting,0.5211,689,OK
2022-09-27 00:00:00+00:00,-1,0.2839,True,hist_gradient_boosting,0.5211,689,OK
2022-09-28 00:00:00+00:00,-1,0.3995,True,hist_gradient_boosting,0.5211,689,OK
2022-09-29 00:00:00+00:00,-1,0.2485,True,hist_gradient_boosting,0.5211,689,OK
2022-09-30 00:00:00+00:00,-1,0.4844,True,hist_gradient_boosting,0.5211,689,OK
2022-10-03 00:00:00+00:00,-1,0.4838,True,hist_gradient_boosting,0.5211,689,OK
2022-10-12 00:00:00+00:00,-1,0.6382,True,hist_gradient_boosting,0.5211,689,OK
2022-10-13 00:00:00+00:00,-1,0.558,True,hist_gradient_boosting,0.5211,689,OK
2022-10-26 00:00:00+00:00,1,0.0906,True,hist_gradient_boosting,0.5211,689,OK
2022-10-27 00:00:00+00:00,1,0.0804,True,hist_gradient_boosting,0.5211,689,OK
2022-10-28 00:00:00+00:00,1,0.0479,True,hist_gradient_boosting,0.5211,689,OK
2022-11-04 00:00:00+00:00,-1,0.6153,True,hist_gradient_boosting,0.5211,689,OK
2022-11-08 00:00:00+00:00,1,0.0898,True,hist_gradient_boosting,0.5211,689,OK
2022-11-09 00:00:00+00:00,1,0.1009,True,hist_gradient_boosting,0.5211,689,OK
2022-11-10 00:00:00+00:00,1,0.0434,True,hist_gradient_boosting,0.5211,689,OK
2022-11-11 00:00:00+00:00,1,0.135,True,hist_gradient_boosting,0.5211,689,OK
2022-11-14 00:00:00+00:00,1,0.2815,True,hist_gradient_boosting,0.5211,689,OK
2022-11-15 00:00:00+00:00,1,0.2708,True,hist_gradient_boosting,0.5211,689,OK
2022-11-16 00:00:00+00:00,1,0.4206,True,hist_gradient_boosting,0.5211,689,OK
2022-11-17 00:00:00+00:00,1,0.4033,True,hist_gradient_boosting,0.5211,689,OK
2022-11-18 00:00:00+00:00,1,0.3013,True,hist_gradient_boosting,0.5211,689,OK
2022-11-21 00:00:00+00:00,1,0.3798,True,hist_gradient_boosting,0.5211,689,OK
2022-11-22 00:00:00+00:00,1,0.109,True,hist_gradient_boosting,0.5211,689,OK
2022-11-23 00:00:00+00:00,1,0.1221,True,hist_gradient_boosting,0.5211,689,OK
2022-11-24 00:00:00+00:00,1,0.337,True,hist_gradient_boosting,0.5211,689,OK
2022-11-25 00:00:00+00:00,1,0.5625,True,hist_gradient_boosting,0.5211,689,OK
2022-11-28 00:00:00+00:00,1,0.2925,True,hist_gradient_boosting,0.5211,689,OK
2022-11-29 00:00:00+00:00,1,0.2938,True,hist_gradient_boosting,0.5211,689,OK
2022-12-02 00:00:00+00:00,1,0.531,True,hist_gradient_boosting,0.5211,689,OK
2022-12-05 00:00:00+00:00,1,0.58,True,hist_gradient_boosting,0.5211,689,OK
2022-12-06 00:00:00+00:00,1,0.5463,True,hist_gradient_boosting,0.5211,689,OK
2022-12-07 00:00:00+00:00,1,0.3005,True,hist_gradient_boosting,0.5211,689,OK
2022-12-08 00:00:00+00:00,1,0.391,True,hist_gradient_boosting,0.5211,689,OK
2022-12-09 00:00:00+00:00,1,0.2207,True,hist_gradient_boosting,0.5211,689,OK
2022-12-14 00:00:00+00:00,1,0.1603,True,hist_gradient_boosting,0.5211,689,OK
2022-12-15 00:00:00+00:00,1,0.1888,True,hist_gradient_boosting,0.5211,689,OK
2022-12-16 00:00:00+00:00,1,0.1971,True,hist_gradient_boosting,0.5211,689,OK
2023-01-13 00:00:00+00:00,1,,False,hist_gradient_boosting,0.5008,728,MODEL_HEALTH_GATE
2023-01-16 00:00:00+00:00,1,,False,hist_gradient_boosting,0.5008,728,MODEL_HEALTH_GATE
2023-01-17 00:00:00+00:00,1,,False,hist_gradient_boosting,0.5008,728,MODEL_HEALTH_GATE
2023-01-18 00:00:00+00:00,1,,False,hist_gradient_boosting,0.5008,728,MODEL_HEALTH_GATE
2023-01-19 00:00:00+00:00,1,,False,hist_gradient_boosting,0.5008,728,MODEL_HEALTH_GATE
2023-01-20 00:00:00+00:00,1,,False,hist_gradient_boosting,0.5008,728,MODEL_HEALTH_GATE
2023-01-23 00:00:00+00:00,1,,False,hist_gradient_boosting,0.5008,728,MODEL_HEALTH_GATE
2023-01-24 00:00:00+00:00,1,,False,hist_gradient_boosting,0.5008,728,MODEL_HEALTH_GATE
2023-01-25 00:00:00+00:00,1,,False,hist_gradient_boosting,0.5008,728,MODEL_HEALTH_GATE
2023-01-26 00:00:00+00:00,1,,False,hist_gradient_boosting,0.5008,728,MODEL_HEALTH_GATE
2023-01-27 00:00:00+00:00,1,,False,hist_gradient_boosting,0.5008,728,MODEL_HEALTH_GATE
2023-01-30 00:00:00+00:00,1,,False,hist_gradient_boosting,0.5008,728,MODEL_HEALTH_GATE
2023-02-02 00:00:00+00:00,1,,False,hist_gradient_boosting,0.5008,728,MODEL_HEALTH_GATE
2023-02-13 00:00:00+00:00,-1,,False,logistic,0.5129,741,MODEL_HEALTH_GATE
2023-02-16 00:00:00+00:00,-1,,False,logistic,0.5129,741,MODEL_HEALTH_GATE
2023-02-17 00:00:00+00:00,-1,,False,logistic,0.5129,741,MODEL_HEALTH_GATE
2023-02-20 00:00:00+00:00,-1,,False,logistic,0.5129,741,MODEL_HEALTH_GATE
2023-02-21 00:00:00+00:00,-1,,False,logistic,0.5129,741,MODEL_HEALTH_GATE
2023-02-22 00:00:00+00:00,-1,,False,logistic,0.5129,741,MODEL_HEALTH_GATE
2023-02-23 00:00:00+00:00,-1,,False,logistic,0.5129,741,MODEL_HEALTH_GATE
2023-02-24 00:00:00+00:00,-1,,False,logistic,0.5129,741,MODEL_HEALTH_GATE
2023-02-27 00:00:00+00:00,-1,,False,logistic,0.5129,741,MODEL_HEALTH_GATE
2023-02-28 00:00:00+00:00,-1,,False,logistic,0.5129,741,MODEL_HEALTH_GATE
2023-03-01 00:00:00+00:00,-1,,False,logistic,0.5129,741,MODEL_HEALTH_GATE
2023-03-03 00:00:00+00:00,-1,,False,logistic,0.5129,741,MODEL_HEALTH_GATE
2023-03-08 00:00:00+00:00,-1,,False,logistic,0.5129,741,MODEL_HEALTH_GATE
2023-03-09 00:00:00+00:00,-1,,False,logistic,0.4156,753,MODEL_HEALTH_GATE
2023-03-10 00:00:00+00:00,-1,,False,logistic,0.4156,753,MODEL_HEALTH_GATE
2023-03-22 00:00:00+00:00,1,,False,hist_gradient_boosting,0.4295,756,MODEL_HEALTH_GATE
2023-03-23 00:00:00+00:00,1,,False,hist_gradient_boosting,0.4295,756,MODEL_HEALTH_GATE
2023-03-24 00:00:00+00:00,1,,False,hist_gradient_boosting,0.4295,756,MODEL_HEALTH_GATE
2023-03-27 00:00:00+00:00,1,,False,hist_gradient_boosting,0.4295,756,MODEL_HEALTH_GATE
2023-03-28 00:00:00+00:00,1,,False,hist_gradient_boosting,0.4295,756,MODEL_HEALTH_GATE
2023-03-29 00:00:00+00:00,1,,False,hist_gradient_boosting,0.4295,756,MODEL_HEALTH_GATE
2023-03-30 00:00:00+00:00,1,,False,hist_gradient_boosting,0.4295,756,MODEL_HEALTH_GATE
2023-03-31 00:00:00+00:00,1,,False,hist_gradient_boosting,0.4295,756,MODEL_HEALTH_GATE
2023-04-04 00:00:00+00:00,1,,False,hist_gradient_boosting,0.4295,756,MODEL_HEALTH_GATE
2023-04-05 00:00:00+00:00,1,,False,hist_gradient_boosting,0.4295,756,MODEL_HEALTH_GATE
2023-04-06 00:00:00+00:00,1,,False,hist_gradient_boosting,0.4295,756,MODEL_HEALTH_GATE
2023-04-07 00:00:00+00:00,1,,False,hist_gradient_boosting,0.4295,756,MODEL_HEALTH_GATE
2023-04-10 00:00:00+00:00,1,,False,hist_gradient_boosting,0.4295,756,MODEL_HEALTH_GATE
2023-04-11 00:00:00+00:00,1,,False,hist_gradient_boosting,0.4295,756,MODEL_HEALTH_GATE
2023-04-12 00:00:00+00:00,1,,False,hist_gradient_boosting,0.4295,756,MODEL_HEALTH_GATE
2023-04-13 00:00:00+00:00,1,,False,hist_gradient_boosting,0.4295,756,MODEL_HEALTH_GATE
2023-04-14 00:00:00+00:00,1,,False,hist_gradient_boosting,0.4295,756,MODEL_HEALTH_GATE
2023-04-17 00:00:00+00:00,1,,False,hist_gradient_boosting,0.4295,756,MODEL_HEALTH_GATE
2023-04-19 00:00:00+00:00,1,,False,hist_gradient_boosting,0.4295,756,MODEL_HEALTH_GATE
2023-04-25 00:00:00+00:00,1,,False,hist_gradient_boosting,0.4295,756,MODEL_HEALTH_GATE
2023-05-15 00:00:00+00:00,-1,,False,hist_gradient_boosting,0.4336,757,MODEL_HEALTH_GATE
2023-05-16 00:00:00+00:00,-1,,False,hist_gradient_boosting,0.4152,776,MODEL_HEALTH_GATE
2023-05-17 00:00:00+00:00,-1,,False,hist_gradient_boosting,0.4152,776,MODEL_HEALTH_GATE
2023-05-18 00:00:00+00:00,-1,,False,hist_gradient_boosting,0.4152,776,MODEL_HEALTH_GATE
2023-05-19 00:00:00+00:00,-1,,False,hist_gradient_boosting,0.4152,776,MODEL_HEALTH_GATE
2023-05-22 00:00:00+00:00,-1,,False,hist_gradient_boosting,0.4152,776,MODEL_HEALTH_GATE
2023-05-23 00:00:00+00:00,-1,,False,hist_gradient_boosting,0.4152,776,MODEL_HEALTH_GATE
2023-05-24 00:00:00+00:00,-1,,False,hist_gradient_boosting,0.4152,776,MODEL_HEALTH_GATE
2023-05-25 00:00:00+00:00,-1,,False,hist_gradient_boosting,0.4152,776,MODEL_HEALTH_GATE
2023-05-26 00:00:00+00:00,-1,,False,hist_gradient_boosting,0.4152,776,MODEL_HEALTH_GATE
2023-05-29 00:00:00+00:00,-1,,False,hist_gradient_boosting,0.4152,776,MODEL_HEALTH_GATE
2023-05-30 00:00:00+00:00,-1,,False,hist_gradient_boosting,0.4152,776,MODEL_HEALTH_GATE
2023-05-31 00:00:00+00:00,-1,,False,hist_gradient_boosting,0.4152,776,MODEL_HEALTH_GATE
2023-06-01 00:00:00+00:00,-1,,False,hist_gradient_boosting,0.4152,776,MODEL_HEALTH_GATE
2023-06-02 00:00:00+00:00,-1,,False,hist_gradient_boosting,0.4152,776,MODEL_HEALTH_GATE
2023-06-05 00:00:00+00:00,-1,,False,hist_gradient_boosting,0.4152,776,MODEL_HEALTH_GATE
2023-06-06 00:00:00+00:00,-1,,False,hist_gradient_boosting,0.4152,776,MODEL_HEALTH_GATE
2023-06-07 00:00:00+00:00,-1,,False,hist_gradient_boosting,0.4152,776,MODEL_HEALTH_GATE
2023-06-08 00:00:00+00:00,-1,,False,hist_gradient_boosting,0.4152,776,MODEL_HEALTH_GATE
2023-06-16 00:00:00+00:00,1,,False,logistic,0.3774,789,MODEL_HEALTH_GATE
2023-06-19 00:00:00+00:00,1,,False,logistic,0.3916,795,MODEL_HEALTH_GATE
2023-06-20 00:00:00+00:00,1,,False,logistic,0.3916,795,MODEL_HEALTH_GATE
2023-06-21 00:00:00+00:00,1,,False,logistic,0.3916,795,MODEL_HEALTH_GATE
2023-06-22 00:00:00+00:00,1,,False,logistic,0.3916,795,MODEL_HEALTH_GATE
2023-06-23 00:00:00+00:00,1,,False,logistic,0.3916,795,MODEL_HEALTH_GATE
2023-06-26 00:00:00+00:00,1,,False,logistic,0.3937,796,MODEL_HEALTH_GATE
2023-06-27 00:00:00+00:00,1,,False,logistic,0.3937,796,MODEL_HEALTH_GATE
2023-06-28 00:00:00+00:00,1,,False,logistic,0.3937,796,MODEL_HEALTH_GATE
2023-06-29 00:00:00+00:00,1,,False,logistic,0.3937,796,MODEL_HEALTH_GATE
2023-07-11 00:00:00+00:00,1,,False,logistic,0.4455,805,MODEL_HEALTH_GATE
2023-07-12 00:00:00+00:00,1,,False,logistic,0.4455,805,MODEL_HEALTH_GATE
2023-07-13 00:00:00+00:00,1,,False,logistic,0.4455,805,MODEL_HEALTH_GATE
2023-07-14 00:00:00+00:00,1,,False,logistic,0.4455,805,MODEL_HEALTH_GATE
2023-07-17 00:00:00+00:00,1,,False,logistic,0.4455,805,MODEL_HEALTH_GATE
2023-07-18 00:00:00+00:00,1,,False,logistic,0.4455,805,MODEL_HEALTH_GATE
2023-07-19 00:00:00+00:00,1,,False,logistic,0.4455,805,MODEL_HEALTH_GATE
2023-07-20 00:00:00+00:00,1,,False,logistic,0.4455,805,MODEL_HEALTH_GATE
2023-07-21 00:00:00+00:00,1,,False,logistic,0.4455,805,MODEL_HEALTH_GATE
2023-07-24 00:00:00+00:00,1,,False,logistic,0.4428,807,MODEL_HEALTH_GATE
2023-08-14 00:00:00+00:00,-1,,False,logistic,0.4089,815,MODEL_HEALTH_GATE
2023-08-15 00:00:00+00:00,-1,,False,logistic,0.4089,815,MODEL_HEALTH_GATE
2023-08-16 00:00:00+00:00,-1,,False,logistic,0.4089,815,MODEL_HEALTH_GATE
2023-08-17 00:00:00+00:00,-1,,False,logistic,0.4089,815,MODEL_HEALTH_GATE
2023-08-18 00:00:00+00:00,-1,,False,logistic,0.4089,815,MODEL_HEALTH_GATE
2023-08-21 00:00:00+00:00,-1,,False,logistic,0.4089,815,MODEL_HEALTH_GATE
2023-08-22 00:00:00+00:00,-1,,False,logistic,0.4089,815,MODEL_HEALTH_GATE
2023-08-23 00:00:00+00:00,-1,,False,logistic,0.4089,815,MODEL_HEALTH_GATE
2023-08-24 00:00:00+00:00,-1,,False,logistic,0.4089,815,MODEL_HEALTH_GATE
2023-08-25 00:00:00+00:00,-1,,False,logistic,0.4089,815,MODEL_HEALTH_GATE
2023-08-28 00:00:00+00:00,-1,,False,logistic,0.4089,815,MODEL_HEALTH_GATE
2023-08-29 00:00:00+00:00,-1,,False,logistic,0.4089,815,MODEL_HEALTH_GATE
2023-08-30 00:00:00+00:00,-1,,False,logistic,0.4089,815,MODEL_HEALTH_GATE
2023-09-04 00:00:00+00:00,-1,,False,logistic,0.362,828,MODEL_HEALTH_GATE
2023-09-05 00:00:00+00:00,-1,,False,logistic,0.362,828,MODEL_HEALTH_GATE
2023-09-06 00:00:00+00:00,-1,,False,logistic,0.362,828,MODEL_HEALTH_GATE
2023-09-07 00:00:00+00:00,-1,,False,logistic,0.362,828,MODEL_HEALTH_GATE
2023-09-08 00:00:00+00:00,-1,,False,logistic,0.362,828,MODEL_HEALTH_GATE
2023-09-11 00:00:00+00:00,-1,,False,logistic,0.362,828,MODEL_HEALTH_GATE
2023-09-12 00:00:00+00:00,-1,,False,logistic,0.362,828,MODEL_HEALTH_GATE
2023-09-13 00:00:00+00:00,-1,,False,logistic,0.362,828,MODEL_HEALTH_GATE
2023-09-14 00:00:00+00:00,-1,,False,logistic,0.362,828,MODEL_HEALTH_GATE
2023-09-15 00:00:00+00:00,-1,,False,logistic,0.362,828,MODEL_HEALTH_GATE
2023-09-18 00:00:00+00:00,-1,,False,logistic,0.362,828,MODEL_HEALTH_GATE
2023-09-19 00:00:00+00:00,-1,,False,logistic,0.362,828,MODEL_HEALTH_GATE
2023-09-20 00:00:00+00:00,-1,,False,logistic,0.362,828,MODEL_HEALTH_GATE
2023-09-21 00:00:00+00:00,-1,,False,logistic,0.362,828,MODEL_HEALTH_GATE
2023-09-22 00:00:00+00:00,-1,,False,logistic,0.362,828,MODEL_HEALTH_GATE
2023-09-25 00:00:00+00:00,-1,,False,logistic,0.362,828,MODEL_HEALTH_GATE
2023-09-26 00:00:00+00:00,-1,,False,logistic,0.362,828,MODEL_HEALTH_GATE
2023-09-27 00:00:00+00:00,-1,,False,logistic,0.362,828,MODEL_HEALTH_GATE
2023-09-28 00:00:00+00:00,-1,,False,logistic,0.3483,832,MODEL_HEALTH_GATE
2023-09-29 00:00:00+00:00,-1,,False,logistic,0.3534,837,MODEL_HEALTH_GATE
2023-10-02 00:00:00+00:00,-1,,False,logistic,0.3609,838,MODEL_HEALTH_GATE
2023-10-03 00:00:00+00:00,-1,,False,logistic,0.3609,838,MODEL_HEALTH_GATE
2023-10-04 00:00:00+00:00,-1,,False,logistic,0.3629,840,MODEL_HEALTH_GATE
2023-10-05 00:00:00+00:00,-1,,False,logistic,0.3629,840,MODEL_HEALTH_GATE
2023-10-06 00:00:00+00:00,-1,,False,logistic,0.3629,840,MODEL_HEALTH_GATE
2023-11-06 00:00:00+00:00,1,,False,logistic,0.3938,853,MODEL_HEALTH_GATE
2023-11-07 00:00:00+00:00,1,,False,logistic,0.3938,853,MODEL_HEALTH_GATE
2023-11-08 00:00:00+00:00,1,,False,logistic,0.3938,853,MODEL_HEALTH_GATE
2023-11-09 00:00:00+00:00,1,,False,logistic,0.3938,853,MODEL_HEALTH_GATE
2023-11-13 00:00:00+00:00,1,,False,logistic,0.3938,853,MODEL_HEALTH_GATE
2023-11-14 00:00:00+00:00,1,,False,logistic,0.3938,853,MODEL_HEALTH_GATE
2023-11-15 00:00:00+00:00,1,,False,logistic,0.3938,853,MODEL_HEALTH_GATE
2023-11-16 00:00:00+00:00,1,,False,logistic,0.3938,853,MODEL_HEALTH_GATE
2023-11-17 00:00:00+00:00,1,,False,logistic,0.3938,853,MODEL_HEALTH_GATE
2023-11-20 00:00:00+00:00,1,,False,logistic,0.3938,853,MODEL_HEALTH_GATE
2023-11-21 00:00:00+00:00,1,,False,logistic,0.4069,855,MODEL_HEALTH_GATE
2023-11-22 00:00:00+00:00,1,,False,logistic,0.4069,855,MODEL_HEALTH_GATE
2023-11-23 00:00:00+00:00,1,,False,logistic,0.4069,855,MODEL_HEALTH_GATE
2023-11-24 00:00:00+00:00,1,,False,logistic,0.4069,855,MODEL_HEALTH_GATE
2023-11-27 00:00:00+00:00,1,,False,logistic,0.4069,855,MODEL_HEALTH_GATE
2023-11-28 00:00:00+00:00,1,,False,logistic,0.4069,855,MODEL_HEALTH_GATE
2023-11-29 00:00:00+00:00,1,,False,logistic,0.4069,855,MODEL_HEALTH_GATE
2023-11-30 00:00:00+00:00,1,,False,logistic,0.4069,855,MODEL_HEALTH_GATE
2023-12-01 00:00:00+00:00,1,,False,logistic,0.4069,855,MODEL_HEALTH_GATE
2023-12-19 00:00:00+00:00,1,,False,logistic,0.3782,872,MODEL_HEALTH_GATE
2023-12-20 00:00:00+00:00,1,,False,logistic,0.3782,872,MODEL_HEALTH_GATE
2023-12-21 00:00:00+00:00,1,,False,logistic,0.3782,872,MODEL_HEALTH_GATE
2023-12-22 00:00:00+00:00,1,,False,logistic,0.3782,872,MODEL_HEALTH_GATE
2023-12-25 00:00:00+00:00,1,,False,logistic,0.3782,872,MODEL_HEALTH_GATE
2023-12-26 00:00:00+00:00,1,,False,logistic,0.3782,872,MODEL_HEALTH_GATE
2023-12-27 00:00:00+00:00,1,,False,logistic,0.3782,872,MODEL_HEALTH_GATE
2023-12-28 00:00:00+00:00,1,,False,logistic,0.3782,872,MODEL_HEALTH_GATE
2023-12-29 00:00:00+00:00,1,,False,logistic,0.3782,872,MODEL_HEALTH_GATE
2024-01-01 00:00:00+00:00,1,,False,logistic,0.3782,872,MODEL_HEALTH_GATE
2024-01-02 00:00:00+00:00,1,,False,logistic,0.3782,872,MODEL_HEALTH_GATE
2024-01-17 00:00:00+00:00,-1,,False,logistic,0.3915,883,MODEL_HEALTH_GATE
2024-01-18 00:00:00+00:00,-1,,False,logistic,0.3915,883,MODEL_HEALTH_GATE
2024-01-19 00:00:00+00:00,-1,,False,logistic,0.3915,883,MODEL_HEALTH_GATE
2024-01-22 00:00:00+00:00,-1,,False,logistic,0.3915,883,MODEL_HEALTH_GATE
2024-01-23 00:00:00+00:00,-1,,False,logistic,0.3915,883,MODEL_HEALTH_GATE
2024-01-24 00:00:00+00:00,-1,,False,logistic,0.3915,883,MODEL_HEALTH_GATE
2024-01-25 00:00:00+00:00,-1,,False,logistic,0.3915,883,MODEL_HEALTH_GATE
2024-01-26 00:00:00+00:00,-1,,False,logistic,0.3915,883,MODEL_HEALTH_GATE
2024-01-29 00:00:00+00:00,-1,,False,logistic,0.3915,883,MODEL_HEALTH_GATE
2024-01-30 00:00:00+00:00,-1,,False,logistic,0.3915,883,MODEL_HEALTH_GATE
2024-01-31 00:00:00+00:00,-1,,False,logistic,0.3915,883,MODEL_HEALTH_GATE
2024-02-01 00:00:00+00:00,-1,,False,logistic,0.3915,883,MODEL_HEALTH_GATE
2024-02-05 00:00:00+00:00,-1,,False,logistic,0.3915,883,MODEL_HEALTH_GATE
2024-02-06 00:00:00+00:00,-1,,False,logistic,0.3915,883,MODEL_HEALTH_GATE
2024-02-07 00:00:00+00:00,-1,,False,logistic,0.3915,883,MODEL_HEALTH_GATE
2024-02-08 00:00:00+00:00,-1,,False,logistic,0.3915,883,MODEL_HEALTH_GATE
2024-02-09 00:00:00+00:00,-1,,False,logistic,0.3915,883,MODEL_HEALTH_GATE
2024-02-12 00:00:00+00:00,-1,,False,logistic,0.3915,883,MODEL_HEALTH_GATE
2024-02-13 00:00:00+00:00,-1,,False,logistic,0.3915,883,MODEL_HEALTH_GATE
2024-02-14 00:00:00+00:00,-1,,False,logistic,0.4188,885,MODEL_HEALTH_GATE
2024-02-15 00:00:00+00:00,-1,,False,logistic,0.415,886,MODEL_HEALTH_GATE
2024-02-16 00:00:00+00:00,-1,,False,logistic,0.415,886,MODEL_HEALTH_GATE
2024-03-07 00:00:00+00:00,1,,False,hist_gradient_boosting,0.328,905,MODEL_HEALTH_GATE
2024-03-08 00:00:00+00:00,1,,False,hist_gradient_boosting,0.328,905,MODEL_HEALTH_GATE
2024-03-11 00:00:00+00:00,1,,False,hist_gradient_boosting,0.328,905,MODEL_HEALTH_GATE
2024-03-12 00:00:00+00:00,1,,False,hist_gradient_boosting,0.328,905,MODEL_HEALTH_GATE
2024-03-13 00:00:00+00:00,1,,False,hist_gradient_boosting,0.328,905,MODEL_HEALTH_GATE
2024-03-14 00:00:00+00:00,1,,False,hist_gradient_boosting,0.328,905,MODEL_HEALTH_GATE
2024-03-21 00:00:00+00:00,1,,False,hist_gradient_boosting,0.328,905,MODEL_HEALTH_GATE
2024-03-25 00:00:00+00:00,-1,,False,logistic,0.3181,911,MODEL_HEALTH_GATE
2024-03-28 00:00:00+00:00,-1,,False,hist_gradient_boosting,0.3498,912,MODEL_HEALTH_GATE
2024-03-29 00:00:00+00:00,-1,,False,hist_gradient_boosting,0.3498,912,MODEL_HEALTH_GATE
2024-04-01 00:00:00+00:00,-1,,False,hist_gradient_boosting,0.3498,912,MODEL_HEALTH_GATE
2024-04-02 00:00:00+00:00,-1,,False,hist_gradient_boosting,0.3498,912,MODEL_HEALTH_GATE
2024-04-03 00:00:00+00:00,-1,,False,hist_gradient_boosting,0.3498,912,MODEL_HEALTH_GATE
2024-04-11 00:00:00+00:00,-1,,False,hist_gradient_boosting,0.3697,918,MODEL_HEALTH_GATE
2024-04-12 00:00:00+00:00,-1,,False,hist_gradient_boosting,0.3697,918,MODEL_HEALTH_GATE
2024-04-15 00:00:00+00:00,-1,,False,hist_gradient_boosting,0.3697,918,MODEL_HEALTH_GATE
2024-04-16 00:00:00+00:00,-1,,False,hist_gradient_boosting,0.3697,918,MODEL_HEALTH_GATE
2024-04-17 00:00:00+00:00,-1,,False,hist_gradient_boosting,0.3697,918,MODEL_HEALTH_GATE
2024-04-18 00:00:00+00:00,-1,,False,hist_gradient_boosting,0.3697,918,MODEL_HEALTH_GATE
2024-04-19 00:00:00+00:00,-1,,False,hist_gradient_boosting,0.3697,918,MODEL_HEALTH_GATE
2024-04-22 00:00:00+00:00,-1,,False,hist_gradient_boosting,0.3697,918,MODEL_HEALTH_GATE
2024-04-23 00:00:00+00:00,-1,,False,hist_gradient_boosting,0.3697,918,MODEL_HEALTH_GATE
2024-04-24 00:00:00+00:00,-1,,False,hist_gradient_boosting,0.3697,918,MODEL_HEALTH_GATE
2024-04-25 00:00:00+00:00,-1,,False,hist_gradient_boosting,0.3697,918,MODEL_HEALTH_GATE
2024-05-14 00:00:00+00:00,1,,False,logistic,0.4166,929,MODEL_HEALTH_GATE
2024-05-15 00:00:00+00:00,1,,False,logistic,0.4166,929,MODEL_HEALTH_GATE
2024-05-16 00:00:00+00:00,1,,False,logistic,0.4166,929,MODEL_HEALTH_GATE
2024-05-17 00:00:00+00:00,1,,False,logistic,0.4166,929,MODEL_HEALTH_GATE
2024-05-20 00:00:00+00:00,1,,False,logistic,0.4166,929,MODEL_HEALTH_GATE
2024-05-21 00:00:00+00:00,1,,False,logistic,0.4166,929,MODEL_HEALTH_GATE
2024-05-22 00:00:00+00:00,1,,False,logistic,0.4166,929,MODEL_HEALTH_GATE
2024-05-23 00:00:00+00:00,1,,False,logistic,0.4166,929,MODEL_HEALTH_GATE
2024-05-27 00:00:00+00:00,1,,False,logistic,0.4224,930,MODEL_HEALTH_GATE
2024-05-28 00:00:00+00:00,1,,False,logistic,0.4224,930,MODEL_HEALTH_GATE
2024-05-29 00:00:00+00:00,1,,False,logistic,0.4224,930,MODEL_HEALTH_GATE
2024-06-04 00:00:00+00:00,1,,False,logistic,0.4526,940,MODEL_HEALTH_GATE
2024-06-05 00:00:00+00:00,1,,False,logistic,0.4526,940,MODEL_HEALTH_GATE
2024-06-06 00:00:00+00:00,1,,False,logistic,0.4526,940,MODEL_HEALTH_GATE
2024-06-07 00:00:00+00:00,1,,False,logistic,0.4526,940,MODEL_HEALTH_GATE
2024-06-10 00:00:00+00:00,-1,,False,logistic,0.4526,940,MODEL_HEALTH_GATE
2024-06-11 00:00:00+00:00,-1,,False,logistic,0.4472,943,MODEL_HEALTH_GATE
2024-06-12 00:00:00+00:00,-1,,False,logistic,0.4445,944,MODEL_HEALTH_GATE
2024-06-14 00:00:00+00:00,-1,,False,logistic,0.4445,945,MODEL_HEALTH_GATE
2024-06-17 00:00:00+00:00,-1,,False,logistic,0.4445,945,MODEL_HEALTH_GATE
2024-06-18 00:00:00+00:00,-1,,False,logistic,0.4445,945,MODEL_HEALTH_GATE
2024-06-19 00:00:00+00:00,-1,,False,logistic,0.4445,945,MODEL_HEALTH_GATE
2024-06-21 00:00:00+00:00,-1,,False,logistic,0.4445,945,MODEL_HEALTH_GATE
2024-06-24 00:00:00+00:00,-1,,False,logistic,0.4445,945,MODEL_HEALTH_GATE
2024-06-26 00:00:00+00:00,-1,,False,logistic,0.4445,945,MODEL_HEALTH_GATE
2024-06-27 00:00:00+00:00,-1,,False,logistic,0.4445,945,MODEL_HEALTH_GATE
2024-06-28 00:00:00+00:00,-1,,False,logistic,0.4445,945,MODEL_HEALTH_GATE
2024-07-05 00:00:00+00:00,1,,False,logistic,0.4497,948,MODEL_HEALTH_GATE
2024-07-08 00:00:00+00:00,1,,False,logistic,0.4236,956,MODEL_HEALTH_GATE
2024-07-09 00:00:00+00:00,1,,False,logistic,0.4236,956,MODEL_HEALTH_GATE
2024-07-10 00:00:00+00:00,1,,False,logistic,0.4236,956,MODEL_HEALTH_GATE
2024-07-11 00:00:00+00:00,1,,False,logistic,0.4236,956,MODEL_HEALTH_GATE
2024-07-12 00:00:00+00:00,1,,False,logistic,0.4236,956,MODEL_HEALTH_GATE
2024-07-15 00:00:00+00:00,1,,False,logistic,0.4236,956,MODEL_HEALTH_GATE
2024-07-16 00:00:00+00:00,1,,False,logistic,0.4236,956,MODEL_HEALTH_GATE
2024-07-17 00:00:00+00:00,1,,False,logistic,0.4236,956,MODEL_HEALTH_GATE
2024-07-18 00:00:00+00:00,1,,False,logistic,0.4236,956,MODEL_HEALTH_GATE
2024-07-19 00:00:00+00:00,1,,False,logistic,0.4236,956,MODEL_HEALTH_GATE
2024-07-22 00:00:00+00:00,1,,False,logistic,0.4236,956,MODEL_HEALTH_GATE
2024-07-23 00:00:00+00:00,1,,False,logistic,0.4236,956,MODEL_HEALTH_GATE
2024-08-02 00:00:00+00:00,-1,,False,hist_gradient_boosting,0.469,969,MODEL_HEALTH_GATE
2024-08-06 00:00:00+00:00,1,,False,hist_gradient_boosting,0.4579,970,MODEL_HEALTH_GATE
2024-08-07 00:00:00+00:00,1,,False,hist_gradient_boosting,0.4579,970,MODEL_HEALTH_GATE
2024-08-08 00:00:00+00:00,1,,False,hist_gradient_boosting,0.4579,970,MODEL_HEALTH_GATE
2024-08-09 00:00:00+00:00,1,,False,hist_gradient_boosting,0.4579,970,MODEL_HEALTH_GATE
2024-08-12 00:00:00+00:00,1,,False,hist_gradient_boosting,0.4579,970,MODEL_HEALTH_GATE
2024-08-13 00:00:00+00:00,1,,False,hist_gradient_boosting,0.4579,970,MODEL_HEALTH_GATE
2024-08-14 00:00:00+00:00,1,,False,hist_gradient_boosting,0.4579,970,MODEL_HEALTH_GATE
2024-08-15 00:00:00+00:00,1,,False,hist_gradient_boosting,0.4579,970,MODEL_HEALTH_GATE
2024-08-16 00:00:00+00:00,1,,False,hist_gradient_boosting,0.4579,970,MODEL_HEALTH_GATE
2024-08-19 00:00:00+00:00,1,,False,hist_gradient_boosting,0.4579,970,MODEL_HEALTH_GATE
2024-08-20 00:00:00+00:00,1,,False,hist_gradient_boosting,0.4579,970,MODEL_HEALTH_GATE
2024-08-21 00:00:00+00:00,1,,False,hist_gradient_boosting,0.4579,970,MODEL_HEALTH_GATE
2024-08-22 00:00:00+00:00,1,,False,hist_gradient_boosting,0.4579,970,MODEL_HEALTH_GATE
2024-08-23 00:00:00+00:00,1,,False,hist_gradient_boosting,0.4571,971,MODEL_HEALTH_GATE
2024-08-26 00:00:00+00:00,1,,False,hist_gradient_boosting,0.4425,974,MODEL_HEALTH_GATE
2024-08-27 00:00:00+00:00,1,,False,hist_gradient_boosting,0.4425,974,MODEL_HEALTH_GATE
2024-08-28 00:00:00+00:00,1,,False,hist_gradient_boosting,0.4425,974,MODEL_HEALTH_GATE
2024-08-29 00:00:00+00:00,1,,False,hist_gradient_boosting,0.4425,974,MODEL_HEALTH_GATE
2024-08-30 00:00:00+00:00,1,,False,hist_gradient_boosting,0.4437,977,MODEL_HEALTH_GATE
2024-09-20 00:00:00+00:00,1,,False,hist_gradient_boosting,0.4151,989,MODEL_HEALTH_GATE
2024-09-23 00:00:00+00:00,1,,False,hist_gradient_boosting,0.4151,989,MODEL_HEALTH_GATE
2024-09-25 00:00:00+00:00,1,,False,hist_gradient_boosting,0.4151,989,MODEL_HEALTH_GATE
2024-09-27 00:00:00+00:00,1,,False,hist_gradient_boosting,0.4151,989,MODEL_HEALTH_GATE
2024-09-30 00:00:00+00:00,1,,False,hist_gradient_boosting,0.4151,989,MODEL_HEALTH_GATE
2024-10-04 00:00:00+00:00,-1,,False,hist_gradient_boosting,0.4059,994,MODEL_HEALTH_GATE
2024-10-07 00:00:00+00:00,-1,,False,hist_gradient_boosting,0.4059,994,MODEL_HEALTH_GATE
2024-10-08 00:00:00+00:00,-1,,False,hist_gradient_boosting,0.4059,994,MODEL_HEALTH_GATE
2024-10-09 00:00:00+00:00,-1,,False,hist_gradient_boosting,0.4059,994,MODEL_HEALTH_GATE
2024-10-10 00:00:00+00:00,-1,,False,hist_gradient_boosting,0.4059,994,MODEL_HEALTH_GATE
2024-10-11 00:00:00+00:00,-1,,False,hist_gradient_boosting,0.4059,994,MODEL_HEALTH_GATE
2024-10-14 00:00:00+00:00,-1,,False,hist_gradient_boosting,0.4059,994,MODEL_HEALTH_GATE
2024-10-15 00:00:00+00:00,-1,,False,hist_gradient_boosting,0.4059,994,MODEL_HEALTH_GATE
2024-10-16 00:00:00+00:00,-1,,False,hist_gradient_boosting,0.4059,994,MODEL_HEALTH_GATE
2024-10-17 00:00:00+00:00,-1,,False,hist_gradient_boosting,0.4059,994,MODEL_HEALTH_GATE
2024-10-18 00:00:00+00:00,-1,,False,hist_gradient_boosting,0.4059,994,MODEL_HEALTH_GATE
2024-10-21 00:00:00+00:00,-1,,False,hist_gradient_boosting,0.4059,994,MODEL_HEALTH_GATE
2024-10-22 00:00:00+00:00,-1,,False,hist_gradient_boosting,0.4059,994,MODEL_HEALTH_GATE
2024-10-23 00:00:00+00:00,-1,,False,hist_gradient_boosting,0.4059,994,MODEL_HEALTH_GATE
2024-10-24 00:00:00+00:00,-1,,False,hist_gradient_boosting,0.3802,997,MODEL_HEALTH_GATE
2024-10-25 00:00:00+00:00,-1,,False,hist_gradient_boosting,0.3802,997,MODEL_HEALTH_GATE
2024-10-28 00:00:00+00:00,-1,,False,hist_gradient_boosting,0.3802,997,MODEL_HEALTH_GATE
2024-10-29 00:00:00+00:00,-1,,False,hist_gradient_boosting,0.3802,997,MODEL_HEALTH_GATE
2024-10-30 00:00:00+00:00,-1,,False,hist_gradient_boosting,0.3802,997,MODEL_HEALTH_GATE
2024-11-11 00:00:00+00:00,-1,,False,hist_gradient_boosting,0.4818,1013,MODEL_HEALTH_GATE
2024-11-12 00:00:00+00:00,-1,,False,hist_gradient_boosting,0.4818,1013,MODEL_HEALTH_GATE
2024-11-13 00:00:00+00:00,-1,,False,hist_gradient_boosting,0.4818,1013,MODEL_HEALTH_GATE
2024-11-14 00:00:00+00:00,-1,,False,hist_gradient_boosting,0.4818,1013,MODEL_HEALTH_GATE
2024-11-15 00:00:00+00:00,-1,,False,hist_gradient_boosting,0.4818,1013,MODEL_HEALTH_GATE
2024-11-18 00:00:00+00:00,-1,,False,hist_gradient_boosting,0.4818,1013,MODEL_HEALTH_GATE
2024-11-19 00:00:00+00:00,-1,,False,hist_gradient_boosting,0.4818,1013,MODEL_HEALTH_GATE
2024-11-20 00:00:00+00:00,-1,,False,hist_gradient_boosting,0.4818,1013,MODEL_HEALTH_GATE
2024-11-21 00:00:00+00:00,-1,,False,hist_gradient_boosting,0.4818,1013,MODEL_HEALTH_GATE
2024-11-22 00:00:00+00:00,-1,,False,hist_gradient_boosting,0.4818,1013,MODEL_HEALTH_GATE
2024-11-25 00:00:00+00:00,-1,,False,hist_gradient_boosting,0.4514,1015,MODEL_HEALTH_GATE
2024-11-26 00:00:00+00:00,-1,,False,hist_gradient_boosting,0.4514,1015,MODEL_HEALTH_GATE
2024-11-27 00:00:00+00:00,-1,,False,hist_gradient_boosting,0.4514,1015,MODEL_HEALTH_GATE
2024-11-28 00:00:00+00:00,-1,,False,hist_gradient_boosting,0.4514,1015,MODEL_HEALTH_GATE
2024-12-19 00:00:00+00:00,-1,,False,hist_gradient_boosting,0.4557,1016,MODEL_HEALTH_GATE
2024-12-20 00:00:00+00:00,-1,,False,hist_gradient_boosting,0.4557,1016,MODEL_HEALTH_GATE
2024-12-23 00:00:00+00:00,-1,,False,hist_gradient_boosting,0.4557,1016,MODEL_HEALTH_GATE
2024-12-24 00:00:00+00:00,-1,,False,hist_gradient_boosting,0.4557,1016,MODEL_HEALTH_GATE
2024-12-25 00:00:00+00:00,-1,,False,hist_gradient_boosting,0.4557,1016,MODEL_HEALTH_GATE
2024-12-26 00:00:00+00:00,-1,,False,hist_gradient_boosting,0.4557,1016,MODEL_HEALTH_GATE
2025-01-03 00:00:00+00:00,-1,,False,hist_gradient_boosting,0.4504,1022,MODEL_HEALTH_GATE
2025-01-06 00:00:00+00:00,-1,,False,hist_gradient_boosting,0.4504,1022,MODEL_HEALTH_GATE
2025-01-07 00:00:00+00:00,-1,,False,hist_gradient_boosting,0.4504,1022,MODEL_HEALTH_GATE
2025-01-10 00:00:00+00:00,-1,,False,hist_gradient_boosting,0.4504,1022,MODEL_HEALTH_GATE
2025-01-13 00:00:00+00:00,-1,,False,hist_gradient_boosting,0.4504,1022,MODEL_HEALTH_GATE
2025-01-14 00:00:00+00:00,-1,,False,hist_gradient_boosting,0.4033,1025,MODEL_HEALTH_GATE
2025-01-15 00:00:00+00:00,-1,,False,hist_gradient_boosting,0.4033,1025,MODEL_HEALTH_GATE
2025-01-27 00:00:00+00:00,1,,False,hist_gradient_boosting,0.3659,1040,MODEL_HEALTH_GATE
2025-01-28 00:00:00+00:00,1,,False,hist_gradient_boosting,0.3659,1040,MODEL_HEALTH_GATE
2025-02-10 00:00:00+00:00,-1,,False,logistic,0.3657,1042,MODEL_HEALTH_GATE
2025-02-11 00:00:00+00:00,-1,,False,logistic,0.3657,1042,MODEL_HEALTH_GATE
2025-02-14 00:00:00+00:00,1,,False,logistic,0.3657,1042,MODEL_HEALTH_GATE
2025-02-17 00:00:00+00:00,1,,False,logistic,0.3646,1044,MODEL_HEALTH_GATE
2025-02-18 00:00:00+00:00,1,,False,logistic,0.3646,1044,MODEL_HEALTH_GATE
2025-02-21 00:00:00+00:00,1,,False,logistic,0.3646,1044,MODEL_HEALTH_GATE
2025-02-24 00:00:00+00:00,1,,False,logistic,0.3646,1044,MODEL_HEALTH_GATE
2025-02-26 00:00:00+00:00,1,,False,logistic,0.3646,1044,MODEL_HEALTH_GATE
2025-02-27 00:00:00+00:00,1,,False,logistic,0.3646,1044,MODEL_HEALTH_GATE
2025-03-05 00:00:00+00:00,1,,False,logistic,0.3669,1051,MODEL_HEALTH_GATE
2025-03-06 00:00:00+00:00,1,,False,logistic,0.3669,1051,MODEL_HEALTH_GATE
2025-03-07 00:00:00+00:00,1,,False,logistic,0.3669,1051,MODEL_HEALTH_GATE
2025-03-10 00:00:00+00:00,1,,False,logistic,0.3669,1051,MODEL_HEALTH_GATE
2025-03-11 00:00:00+00:00,1,,False,logistic,0.3669,1051,MODEL_HEALTH_GATE
2025-03-12 00:00:00+00:00,1,,False,logistic,0.3669,1051,MODEL_HEALTH_GATE
2025-03-13 00:00:00+00:00,1,,False,logistic,0.3669,1051,MODEL_HEALTH_GATE
2025-03-14 00:00:00+00:00,1,,False,logistic,0.3669,1051,MODEL_HEALTH_GATE
2025-03-17 00:00:00+00:00,1,,False,logistic,0.3669,1051,MODEL_HEALTH_GATE
2025-03-18 00:00:00+00:00,1,,False,logistic,0.3669,1051,MODEL_HEALTH_GATE
2025-03-19 00:00:00+00:00,1,,False,logistic,0.3669,1051,MODEL_HEALTH_GATE
2025-03-20 00:00:00+00:00,1,,False,logistic,0.3669,1051,MODEL_HEALTH_GATE
2025-03-21 00:00:00+00:00,1,,False,logistic,0.3669,1051,MODEL_HEALTH_GATE
2025-04-07 00:00:00+00:00,1,,False,logistic,0.362,1055,MODEL_HEALTH_GATE
2025-04-09 00:00:00+00:00,1,,False,logistic,0.362,1055,MODEL_HEALTH_GATE
2025-04-11 00:00:00+00:00,1,,False,logistic,0.4154,1062,MODEL_HEALTH_GATE
2025-04-14 00:00:00+00:00,1,,False,logistic,0.436,1066,MODEL_HEALTH_GATE
2025-04-15 00:00:00+00:00,1,,False,logistic,0.436,1066,MODEL_HEALTH_GATE
2025-04-16 00:00:00+00:00,1,,False,logistic,0.436,1066,MODEL_HEALTH_GATE
2025-04-17 00:00:00+00:00,1,,False,logistic,0.436,1066,MODEL_HEALTH_GATE
2025-04-22 00:00:00+00:00,1,,False,logistic,0.436,1066,MODEL_HEALTH_GATE
2025-04-23 00:00:00+00:00,1,,False,logistic,0.436,1066,MODEL_HEALTH_GATE
2025-04-24 00:00:00+00:00,1,,False,logistic,0.436,1066,MODEL_HEALTH_GATE
2025-04-25 00:00:00+00:00,1,,False,logistic,0.436,1066,MODEL_HEALTH_GATE
2025-04-28 00:00:00+00:00,1,,False,logistic,0.436,1066,MODEL_HEALTH_GATE
2025-04-29 00:00:00+00:00,1,,False,logistic,0.436,1066,MODEL_HEALTH_GATE
2025-04-30 00:00:00+00:00,1,,False,logistic,0.436,1066,MODEL_HEALTH_GATE
2025-05-27 00:00:00+00:00,1,,False,logistic,0.4186,1078,MODEL_HEALTH_GATE
2025-05-28 00:00:00+00:00,1,,False,logistic,0.4186,1078,MODEL_HEALTH_GATE
2025-05-30 00:00:00+00:00,1,,False,logistic,0.4186,1078,MODEL_HEALTH_GATE
2025-06-02 00:00:00+00:00,1,,False,logistic,0.4305,1080,MODEL_HEALTH_GATE
2025-06-03 00:00:00+00:00,1,,False,logistic,0.4305,1080,MODEL_HEALTH_GATE
2025-06-04 00:00:00+00:00,1,,False,logistic,0.4305,1080,MODEL_HEALTH_GATE
2025-06-05 00:00:00+00:00,1,,False,logistic,0.4305,1080,MODEL_HEALTH_GATE
2025-06-06 00:00:00+00:00,1,,False,logistic,0.4305,1080,MODEL_HEALTH_GATE
2025-06-09 00:00:00+00:00,1,,False,logistic,0.4305,1080,MODEL_HEALTH_GATE
2025-06-10 00:00:00+00:00,1,,False,logistic,0.4305,1080,MODEL_HEALTH_GATE
2025-06-11 00:00:00+00:00,1,,False,logistic,0.4305,1080,MODEL_HEALTH_GATE
2025-06-12 00:00:00+00:00,1,,False,logistic,0.4305,1080,MODEL_HEALTH_GATE
2025-06-13 00:00:00+00:00,1,,False,logistic,0.4305,1080,MODEL_HEALTH_GATE
2025-06-16 00:00:00+00:00,1,,False,logistic,0.4305,1080,MODEL_HEALTH_GATE
2025-06-17 00:00:00+00:00,1,,False,logistic,0.4305,1080,MODEL_HEALTH_GATE
2025-06-18 00:00:00+00:00,1,,False,logistic,0.4305,1080,MODEL_HEALTH_GATE
2025-06-19 00:00:00+00:00,1,,False,logistic,0.4305,1080,MODEL_HEALTH_GATE
2025-06-24 00:00:00+00:00,1,,False,logistic,0.4305,1080,MODEL_HEALTH_GATE
2025-06-25 00:00:00+00:00,1,,False,logistic,0.4305,1080,MODEL_HEALTH_GATE
2025-06-26 00:00:00+00:00,1,,False,logistic,0.4305,1080,MODEL_HEALTH_GATE
2025-06-27 00:00:00+00:00,1,,False,logistic,0.4365,1082,MODEL_HEALTH_GATE
2025-06-30 00:00:00+00:00,1,,False,logistic,0.4365,1082,MODEL_HEALTH_GATE
2025-07-01 00:00:00+00:00,1,,False,logistic,0.4518,1084,MODEL_HEALTH_GATE
2025-07-02 00:00:00+00:00,1,,False,logistic,0.4914,1090,MODEL_HEALTH_GATE
2025-07-03 00:00:00+00:00,1,,False,logistic,0.4914,1090,MODEL_HEALTH_GATE
2025-07-04 00:00:00+00:00,1,,False,logistic,0.4923,1089,MODEL_HEALTH_GATE
2025-07-07 00:00:00+00:00,1,,False,logistic,0.4951,1086,MODEL_HEALTH_GATE
2025-07-08 00:00:00+00:00,1,,False,logistic,0.4983,1085,MODEL_HEALTH_GATE
2025-07-30 00:00:00+00:00,-1,0.5239,True,logistic,0.5335,1087,OK
2025-07-31 00:00:00+00:00,-1,0.4734,True,logistic,0.5335,1087,OK
2025-08-01 00:00:00+00:00,-1,0.544,True,logistic,0.5335,1087,OK
2025-08-14 00:00:00+00:00,1,0.4764,True,logistic,0.5335,1087,OK
2025-08-18 00:00:00+00:00,1,0.449,True,logistic,0.5335,1087,OK
2025-08-25 00:00:00+00:00,1,0.3991,True,logistic,0.5335,1087,OK
2025-09-02 00:00:00+00:00,1,0.4809,True,logistic,0.5335,1087,OK
2025-09-08 00:00:00+00:00,1,0.5005,True,logistic,0.5335,1087,OK
2025-09-09 00:00:00+00:00,1,0.4576,True,logistic,0.5335,1087,OK
2025-09-12 00:00:00+00:00,1,0.4993,True,logistic,0.5335,1087,OK
2025-09-16 00:00:00+00:00,1,0.5395,True,logistic,0.5335,1087,OK
2025-09-17 00:00:00+00:00,1,0.4806,True,logistic,0.5335,1087,OK
2025-09-18 00:00:00+00:00,1,0.5231,True,logistic,0.5335,1087,OK
2025-09-19 00:00:00+00:00,1,0.5505,True,logistic,0.5335,1087,OK
2025-09-23 00:00:00+00:00,1,0.5739,True,logistic,0.5335,1087,OK
2025-09-24 00:00:00+00:00,1,0.5871,True,logistic,0.5335,1087,OK
2025-09-26 00:00:00+00:00,-1,0.5498,True,logistic,0.5335,1087,OK
2025-10-08 00:00:00+00:00,-1,0.5327,True,logistic,0.5335,1087,OK
2025-10-09 00:00:00+00:00,-1,0.5282,True,logistic,0.5335,1087,OK
2025-10-10 00:00:00+00:00,-1,0.4809,True,logistic,0.5335,1087,OK
2025-10-13 00:00:00+00:00,-1,0.5174,True,logistic,0.5335,1087,OK
2025-10-14 00:00:00+00:00,-1,0.4914,True,logistic,0.5335,1087,OK
2025-10-15 00:00:00+00:00,-1,0.5592,True,logistic,0.5335,1087,OK
2025-10-22 00:00:00+00:00,-1,,False,logistic,0.4942,1080,MODEL_HEALTH_GATE
2025-10-23 00:00:00+00:00,-1,,False,logistic,0.4942,1080,MODEL_HEALTH_GATE
2025-10-24 00:00:00+00:00,-1,,False,logistic,0.4942,1080,MODEL_HEALTH_GATE
2025-10-31 00:00:00+00:00,-1,,False,logistic,0.4935,1078,MODEL_HEALTH_GATE
2025-11-03 00:00:00+00:00,-1,,False,logistic,0.4951,1075,MODEL_HEALTH_GATE
2025-11-04 00:00:00+00:00,-1,,False,logistic,0.4955,1074,MODEL_HEALTH_GATE
2025-11-05 00:00:00+00:00,-1,,False,logistic,0.4955,1074,MODEL_HEALTH_GATE
2025-11-06 00:00:00+00:00,-1,,False,logistic,0.4955,1074,MODEL_HEALTH_GATE
2025-11-07 00:00:00+00:00,-1,,False,logistic,0.4945,1073,MODEL_HEALTH_GATE
2025-11-10 00:00:00+00:00,-1,,False,logistic,0.492,1071,MODEL_HEALTH_GATE
2025-11-11 00:00:00+00:00,-1,,False,logistic,0.4899,1070,MODEL_HEALTH_GATE
2025-11-24 00:00:00+00:00,-1,,False,logistic,0.4759,1085,MODEL_HEALTH_GATE
2025-11-25 00:00:00+00:00,-1,,False,logistic,0.4759,1084,MODEL_HEALTH_GATE
2025-12-03 00:00:00+00:00,1,,False,logistic,0.4735,1081,MODEL_HEALTH_GATE
2025-12-04 00:00:00+00:00,1,,False,logistic,0.4735,1081,MODEL_HEALTH_GATE
2025-12-05 00:00:00+00:00,1,,False,logistic,0.4741,1080,MODEL_HEALTH_GATE
2025-12-08 00:00:00+00:00,1,,False,logistic,0.4747,1079,MODEL_HEALTH_GATE
2025-12-09 00:00:00+00:00,1,,False,logistic,0.4747,1079,MODEL_HEALTH_GATE
2025-12-11 00:00:00+00:00,1,,False,logistic,0.4747,1079,MODEL_HEALTH_GATE
2025-12-12 00:00:00+00:00,1,,False,logistic,0.4747,1079,MODEL_HEALTH_GATE
2025-12-15 00:00:00+00:00,1,,False,logistic,0.4745,1078,MODEL_HEALTH_GATE
2025-12-16 00:00:00+00:00,1,,False,logistic,0.4801,1079,MODEL_HEALTH_GATE
2025-12-17 00:00:00+00:00,1,,False,logistic,0.4801,1079,MODEL_HEALTH_GATE
2025-12-18 00:00:00+00:00,1,,False,logistic,0.4801,1079,MODEL_HEALTH_GATE
2025-12-19 00:00:00+00:00,1,,False,logistic,0.4801,1079,MODEL_HEALTH_GATE
2025-12-22 00:00:00+00:00,1,,False,logistic,0.4796,1078,MODEL_HEALTH_GATE
2025-12-23 00:00:00+00:00,1,,False,logistic,0.4777,1077,MODEL_HEALTH_GATE
2025-12-24 00:00:00+00:00,1,,False,logistic,0.4777,1077,MODEL_HEALTH_GATE
2025-12-26 00:00:00+00:00,1,,False,logistic,0.4804,1077,MODEL_HEALTH_GATE
2025-12-29 00:00:00+00:00,1,,False,logistic,0.475,1074,MODEL_HEALTH_GATE
2025-12-30 00:00:00+00:00,1,,False,logistic,0.4761,1073,MODEL_HEALTH_GATE
2025-12-31 00:00:00+00:00,1,,False,logistic,0.4761,1073,MODEL_HEALTH_GATE
2026-01-12 00:00:00+00:00,-1,,False,logistic,0.4813,1083,MODEL_HEALTH_GATE
2026-01-14 00:00:00+00:00,-1,,False,hist_gradient_boosting,0.4828,1082,MODEL_HEALTH_GATE
2026-01-15 00:00:00+00:00,-1,,False,hist_gradient_boosting,0.4828,1082,MODEL_HEALTH_GATE
2026-01-16 00:00:00+00:00,-1,,False,logistic,0.4836,1081,MODEL_HEALTH_GATE
2026-01-19 00:00:00+00:00,-1,,False,logistic,0.4871,1078,MODEL_HEALTH_GATE
2026-01-20 00:00:00+00:00,-1,,False,logistic,0.4889,1077,MODEL_HEALTH_GATE
2026-01-23 00:00:00+00:00,1,,False,logistic,0.4851,1080,MODEL_HEALTH_GATE
2026-01-26 00:00:00+00:00,1,,False,logistic,0.4864,1078,MODEL_HEALTH_GATE
2026-01-27 00:00:00+00:00,1,,False,logistic,0.4843,1078,MODEL_HEALTH_GATE
2026-01-28 00:00:00+00:00,1,,False,logistic,0.4843,1078,MODEL_HEALTH_GATE
2026-01-29 00:00:00+00:00,1,,False,logistic,0.4805,1079,MODEL_HEALTH_GATE
2026-01-30 00:00:00+00:00,1,,False,logistic,0.4793,1079,MODEL_HEALTH_GATE
2026-02-02 00:00:00+00:00,1,,False,logistic,0.4779,1076,MODEL_HEALTH_GATE
2026-02-11 00:00:00+00:00,1,,False,logistic,0.4727,1077,MODEL_HEALTH_GATE
2026-02-12 00:00:00+00:00,1,,False,logistic,0.4727,1077,MODEL_HEALTH_GATE
2026-03-02 00:00:00+00:00,-1,,False,logistic,0.4733,1080,MODEL_HEALTH_GATE
2026-03-03 00:00:00+00:00,-1,,False,logistic,0.4733,1080,MODEL_HEALTH_GATE
2026-03-04 00:00:00+00:00,-1,,False,logistic,0.4733,1080,MODEL_HEALTH_GATE
2026-03-05 00:00:00+00:00,-1,,False,logistic,0.4733,1080,MODEL_HEALTH_GATE
2026-03-06 00:00:00+00:00,-1,,False,logistic,0.4733,1080,MODEL_HEALTH_GATE
2026-03-09 00:00:00+00:00,-1,,False,hist_gradient_boosting,0.4754,1079,MODEL_HEALTH_GATE
2026-03-10 00:00:00+00:00,-1,,False,hist_gradient_boosting,0.4754,1079,MODEL_HEALTH_GATE
2026-03-11 00:00:00+00:00,-1,,False,logistic,0.4748,1080,MODEL_HEALTH_GATE
2026-03-12 00:00:00+00:00,-1,,False,logistic,0.4748,1080,MODEL_HEALTH_GATE
2026-03-13 00:00:00+00:00,-1,,False,logistic,0.4748,1080,MODEL_HEALTH_GATE
2026-03-16 00:00:00+00:00,-1,,False,hist_gradient_boosting,0.4834,1079,MODEL_HEALTH_GATE
2026-03-17 00:00:00+00:00,-1,,False,logistic,0.482,1080,MODEL_HEALTH_GATE
2026-03-18 00:00:00+00:00,-1,,False,logistic,0.482,1080,MODEL_HEALTH_GATE
2026-03-19 00:00:00+00:00,-1,,False,logistic,0.482,1080,MODEL_HEALTH_GATE
2026-03-23 00:00:00+00:00,-1,,False,logistic,0.4825,1079,MODEL_HEALTH_GATE
2026-04-10 00:00:00+00:00,1,,False,logistic,0.5087,1089,MODEL_HEALTH_GATE
2026-04-13 00:00:00+00:00,1,,False,logistic,0.5087,1089,MODEL_HEALTH_GATE
2026-04-14 00:00:00+00:00,1,,False,logistic,0.5087,1089,MODEL_HEALTH_GATE
2026-04-15 00:00:00+00:00,1,,False,logistic,0.5087,1089,MODEL_HEALTH_GATE
2026-04-16 00:00:00+00:00,1,,False,logistic,0.5087,1089,MODEL_HEALTH_GATE
2026-04-17 00:00:00+00:00,1,,False,logistic,0.5087,1089,MODEL_HEALTH_GATE
2026-04-20 00:00:00+00:00,1,,False,logistic,0.5127,1087,MODEL_HEALTH_GATE
2026-04-21 00:00:00+00:00,1,,False,logistic,0.5127,1087,MODEL_HEALTH_GATE
2026-04-22 00:00:00+00:00,1,,False,logistic,0.5127,1087,MODEL_HEALTH_GATE
2026-05-12 00:00:00+00:00,1,0.5987,True,hist_gradient_boosting,0.5646,1081,OK
2026-05-18 00:00:00+00:00,-1,0.5048,True,hist_gradient_boosting,0.5646,1081,OK
2026-05-20 00:00:00+00:00,-1,0.4697,True,hist_gradient_boosting,0.5646,1081,OK
2026-05-21 00:00:00+00:00,-1,0.5556,True,hist_gradient_boosting,0.5646,1081,OK
2026-05-22 00:00:00+00:00,-1,0.5326,True,hist_gradient_boosting,0.5646,1081,OK
2026-05-26 00:00:00+00:00,-1,0.3908,True,hist_gradient_boosting,0.5646,1081,OK
2026-05-27 00:00:00+00:00,-1,0.4182,True,hist_gradient_boosting,0.5646,1081,OK
2026-05-28 00:00:00+00:00,-1,0.3953,True,hist_gradient_boosting,0.5646,1081,OK
2026-06-03 00:00:00+00:00,-1,0.3553,True,hist_gradient_boosting,0.5646,1081,OK
2026-06-04 00:00:00+00:00,-1,0.3348,True,hist_gradient_boosting,0.5646,1081,OK
2026-06-05 00:00:00+00:00,-1,0.3751,True,hist_gradient_boosting,0.5646,1081,OK
2026-06-08 00:00:00+00:00,-1,0.2894,True,hist_gradient_boosting,0.5646,1081,OK
2026-06-09 00:00:00+00:00,-1,0.3049,True,hist_gradient_boosting,0.5646,1081,OK
2026-06-10 00:00:00+00:00,-1,0.4451,True,hist_gradient_boosting,0.5646,1081,OK
2026-06-11 00:00:00+00:00,-1,0.2847,True,hist_gradient_boosting,0.5646,1081,OK
2026-06-12 00:00:00+00:00,-1,0.416,True,hist_gradient_boosting,0.5646,1081,OK
2026-06-18 00:00:00+00:00,-1,0.3648,True,hist_gradient_boosting,0.5646,1081,OK
2026-06-19 00:00:00+00:00,-1,0.2985,True,hist_gradient_boosting,0.5646,1081,OK
2026-06-22 00:00:00+00:00,-1,0.2932,True,hist_gradient_boosting,0.5646,1081,OK
2026-06-23 00:00:00+00:00,-1,0.2236,True,hist_gradient_boosting,0.5646,1081,OK
2026-06-24 00:00:00+00:00,-1,0.1542,True,hist_gradient_boosting,0.5646,1081,OK
2026-06-25 00:00:00+00:00,-1,0.116,True,hist_gradient_boosting,0.5646,1081,OK
2026-06-26 00:00:00+00:00,-1,0.1111,True,hist_gradient_boosting,0.5646,1081,OK
2026-06-29 00:00:00+00:00,-1,0.2319,True,hist_gradient_boosting,0.5646,1081,OK
2026-06-30 00:00:00+00:00,-1,0.4035,True,hist_gradient_boosting,0.5646,1081,OK
2026-07-01 00:00:00+00:00,-1,0.4446,True,hist_gradient_boosting,0.5646,1081,OK
2026-07-02 00:00:00+00:00,-1,0.3238,True,hist_gradient_boosting,0.5646,1081,OK
2026-07-03 00:00:00+00:00,-1,0.3698,True,hist_gradient_boosting,0.5646,1081,OK
2026-07-31 00:00:00+00:00,1,0.414,True,hist_gradient_boosting,0.5646,1081,OK
2026-08-03 00:00:00+00:00,1,0.2929,True,hist_gradient_boosting,0.5646,1081,OK
2026-08-04 00:00:00+00:00,1,0.3588,True,hist_gradient_boosting,0.5501,1087,OK
2026-08-05 00:00:00+00:00,1,0.3497,True,hist_gradient_boosting,0.5501,1087,OK
2026-08-06 00:00:00+00:00,1,0.3148,True,hist_gradient_boosting,0.5501,1087,OK
2026-08-07 00:00:00+00:00,1,0.2959,True,hist_gradient_boosting,0.5501,1087,OK
2026-08-10 00:00:00+00:00,1,0.187,True,hist_gradient_boosting,0.5501,1087,OK
2026-08-11 00:00:00+00:00,1,0.2411,True,hist_gradient_boosting,0.5501,1087,OK
2026-08-12 00:00:00+00:00,1,0.1454,True,hist_gradient_boosting,0.5501,1087,OK
2026-08-13 00:00:00+00:00,1,0.2769,True,hist_gradient_boosting,0.5501,1087,OK
2026-08-14 00:00:00+00:00,1,0.1402,True,hist_gradient_boosting,0.5501,1087,OK
2026-08-17 00:00:00+00:00,1,0.0866,True,hist_gradient_boosting,0.5501,1087,OK
2026-08-18 00:00:00+00:00,1,0.0919,True,hist_gradient_boosting,0.5501,1087,OK
2026-08-19 00:00:00+00:00,1,0.1596,True,hist_gradient_boosting,0.5501,1087,OK
2026-08-20 00:00:00+00:00,1,0.0922,True,hist_gradient_boosting,0.5501,1087,OK
2026-08-21 00:00:00+00:00,1,0.0914,True,hist_gradient_boosting,0.5501,1087,OK
2026-08-24 00:00:00+00:00,1,0.1159,True,hist_gradient_boosting,0.5501,1087,OK
2026-08-25 00:00:00+00:00,1,0.1378,True,hist_gradient_boosting,0.5501,1087,OK
2026-08-26 00:00:00+00:00,1,0.131,True,hist_gradient_boosting,0.5501,1087,OK
2026-08-27 00:00:00+00:00,1,0.189,True,hist_gradient_boosting,0.5501,1087,OK
2026-08-28 00:00:00+00:00,1,0.1835,True,hist_gradient_boosting,0.5501,1087,OK
2026-09-17 00:00:00+00:00,-1,0.5489,True,hist_gradient_boosting,0.5501,1087,OK
2026-09-18 00:00:00+00:00,-1,0.5125,True,hist_gradient_boosting,0.5501,1087,OK
2026-09-21 00:00:00+00:00,-1,0.5204,True,hist_gradient_boosting,0.5501,1087,OK
2026-09-22 00:00:00+00:00,-1,0.4249,True,hist_gradient_boosting,0.5501,1087,OK
2026-09-23 00:00:00+00:00,-1,0.1862,True,hist_gradient_boosting,0.5501,1087,OK
