return_pct,trades,win_rate_pct,pf,maxdd,sharpe,spread,rsi_hi,rsi_lo,ma,macd,hold,slm,tpm
0.6133936614991731,7,42.857142857142854,1.4779674236530804,0.832820396501599,1.0705447502687404,0.4,52,48,sma50,True,3,1.2,1.8
1.6469382019044465,7,71.42857142857143,3.063462531248759,0.8243632555932412,2.8294264928226567,0.4,52,48,sma50,True,3,1.5,2.2
1.6469382019044465,7,71.42857142857143,3.063462531248759,0.8243632555932412,2.8294264928226567,0.4,52,48,sma50,True,3,1.8,2.8
0.8562110633851594,7,57.14285714285714,1.6193789094431663,1.0401158291431511,1.434793138884723,0.4,52,48,sma50,True,5,1.2,1.8
2.0133582839967135,6,83.33333333333334,7.317160857416154,0.3706400909423646,3.4283807835219613,0.4,52,48,sma50,True,5,1.5,2.2
2.0133582839967135,6,83.33333333333334,7.317160857416154,0.3706400909423646,3.4283807835219613,0.4,52,48,sma50,True,5,1.8,2.8
0.6011096725465181,6,50.0,1.434839806864437,1.042744301168319,1.0076749283751392,0.4,52,48,sma50,True,8,1.2,1.8
0.9101250495911595,4,50.0,1.800775655166764,1.021050852486749,1.4997350987428497,0.4,52,48,sma50,True,8,1.5,2.2
0.9101250495911595,4,50.0,1.800775655166764,1.021050852486749,1.4997350987428497,0.4,52,48,sma50,True,8,1.8,2.8
0.6935868072510898,5,40.0,1.5017373153073779,1.0417899167465605,1.1588729412009537,0.4,52,48,sma50,True,12,1.2,1.8
0.16433438110357024,3,66.66666666666666,1.1928224428312646,1.0246888877718296,0.3487299362832085,0.4,52,48,sma50,True,12,1.5,2.2
0.16433438110357024,3,66.66666666666666,1.1928224428312646,1.0246888877718296,0.3487299362832085,0.4,52,48,sma50,True,12,1.8,2.8
-0.13710788726785106,10,40.0,0.9384739866104558,1.57777076023623,-0.2000076383822396,0.4,52,48,sma50,False,3,1.2,1.8
1.326198062896955,10,70.0,1.9364312091356248,1.1394980302940505,2.0548186230011005,0.4,52,48,sma50,False,3,1.5,2.2
1.326198062896955,10,70.0,1.9364312091356248,1.1394980302940505,2.0548186230011005,0.4,52,48,sma50,False,3,1.8,2.8
0.32454849624652393,9,44.44444444444444,1.1695626480045356,1.5654658957831247,0.5372955761475058,0.4,52,48,sma50,False,5,1.2,1.8
1.2184284896852082,7,71.42857142857143,2.0940932013786555,0.9645975832646925,1.9392841144968258,0.4,52,48,sma50,False,5,1.5,2.2
1.2184284896852082,7,71.42857142857143,2.0940932013786555,0.9645975832646925,1.9392841144968258,0.4,52,48,sma50,False,5,1.8,2.8
-0.3844541854856609,8,37.5,0.8376415282118256,2.0190674707901146,-0.5675232963705669,0.4,52,48,sma50,False,8,1.2,1.8
0.37134568786634237,6,33.33333333333333,1.2216547584269972,1.553249277840718,0.5649881803759755,0.4,52,48,sma50,False,8,1.5,2.2
0.37134568786634237,6,33.33333333333333,1.2216547584269972,1.553249277840718,0.5649881803759755,0.4,52,48,sma50,False,8,1.8,2.8
-0.29197705078110037,7,28.57142857142857,0.8766954566975179,2.0172194946962207,-0.4253873416973311,0.4,52,48,sma50,False,12,1.2,1.8
-0.5306265029906387,4,50.0,0.6570448657026593,1.7162833236665342,-0.9004272610101054,0.4,52,48,sma50,False,12,1.5,2.2
-0.5306265029906387,4,50.0,0.6570448657026593,1.7162833236665342,-0.9004272610101054,0.4,52,48,sma50,False,12,1.8,2.8
1.2869554214479217,8,50.0,2.002818916717268,0.7962098549743946,2.0298098369736355,0.4,52,48,ema50,True,3,1.2,1.8
2.320499961853195,8,75.0,3.9073736461461186,0.7881244875116988,3.6561948990063637,0.4,52,48,ema50,True,3,1.5,2.2
2.320499961853195,8,75.0,3.9073736461461186,0.7881244875116988,3.6561948990063637,0.4,52,48,ema50,True,3,1.8,2.8
1.529772823333908,8,62.5,2.1066302031490234,1.0036703959347637,2.341028362037616,0.4,52,48,ema50,True,5,1.2,1.8
2.686920043945462,7,85.71428571428571,9.430544262059879,0.3706400909423646,4.213965660174935,0.4,52,48,ema50,True,5,1.5,2.2
2.686920043945462,7,85.71428571428571,9.430544262059879,0.3706400909423646,4.213965660174935,0.4,52,48,ema50,True,5,1.8,2.8
1.2746714324952668,7,57.14285714285714,1.922091100570294,1.0062067668698882,1.9419245255356996,0.4,52,48,ema50,True,8,1.2,1.8
1.5836868095399081,5,60.0,2.3934105462298594,0.9846180111149794,2.390688046919553,0.4,52,48,ema50,True,8,1.5,2.2
1.5836868095399081,5,60.0,2.3934105462298594,0.9846180111149794,2.390688046919553,0.4,52,48,ema50,True,8,1.8,2.8
1.3671485671998385,6,50.0,1.9889886090132347,1.0052858238714046,2.0812406805788255,0.4,52,48,ema50,True,12,1.2,1.8
0.8378961410523411,4,75.0,1.9831489897100305,0.9879841996135563,1.5090885803014764,0.4,52,48,ema50,True,12,1.5,2.2
0.8378961410523411,4,75.0,1.9831489897100305,0.9879841996135563,1.5090885803014764,0.4,52,48,ema50,True,12,1.8,2.8
0.5364538726809087,11,45.45454545454545,1.2407291718305602,1.5411602187090256,0.8082596283339537,0.4,52,48,ema50,False,3,1.2,1.8
1.9997598228457036,11,72.72727272727273,2.4120345680476003,1.105512379390694,2.8746159331952557,0.4,52,48,ema50,False,3,1.5,2.2
1.9997598228457036,11,72.72727272727273,2.4120345680476003,1.105512379390694,2.8746159331952557,0.4,52,48,ema50,False,3,1.8,2.8
0.9981102561952948,10,50.0,1.5214697341022616,1.5290204625747372,1.4842850531836234,0.4,52,48,ema50,False,5,1.2,1.8
1.891990249633957,8,75.0,2.6989209352237307,0.928255778373388,2.78138461582055,0.4,52,48,ema50,False,5,1.5,2.2
1.891990249633957,8,75.0,2.6989209352237307,0.928255778373388,2.78138461582055,0.4,52,48,ema50,False,5,1.8,2.8
0.28910757446307667,9,44.44444444444444,1.1220927375596328,1.9825299364916837,0.42943358032983786,0.4,52,48,ema50,False,8,1.2,1.8
1.044907447815091,7,42.857142857142854,1.6237010836312595,1.5168164364689485,1.4458570982310246,0.4,52,48,ema50,False,8,1.5,2.2
1.044907447815091,7,42.857142857142854,1.6237010836312595,1.5168164364689485,1.4458570982310246,0.4,52,48,ema50,False,8,1.8,2.8
0.3815847091676483,8,37.5,1.1611466660453251,1.9807154018210649,0.5593096633485162,0.4,52,48,ema50,False,12,1.2,1.8
0.14293525695812104,5,60.0,1.0923820803702926,1.679578635508272,0.24316780539293043,0.4,52,48,ema50,False,12,1.5,2.2
0.14293525695812104,5,60.0,1.0923820803702926,1.679578635508272,0.24316780539293043,0.4,52,48,ema50,False,12,1.8,2.8
0.6133936614991731,7,42.857142857142854,1.4779674236530804,0.832820396501599,1.0705447502687404,0.4,55,45,sma50,True,3,1.2,1.8
1.6469382019044465,7,71.42857142857143,3.063462531248759,0.8243632555932412,2.8294264928226567,0.4,55,45,sma50,True,3,1.5,2.2
1.6469382019044465,7,71.42857142857143,3.063462531248759,0.8243632555932412,2.8294264928226567,0.4,55,45,sma50,True,3,1.8,2.8
0.8562110633851594,7,57.14285714285714,1.6193789094431663,1.0401158291431511,1.434793138884723,0.4,55,45,sma50,True,5,1.2,1.8
2.0133582839967135,6,83.33333333333334,7.317160857416154,0.3706400909423646,3.4283807835219613,0.4,55,45,sma50,True,5,1.5,2.2
2.0133582839967135,6,83.33333333333334,7.317160857416154,0.3706400909423646,3.4283807835219613,0.4,55,45,sma50,True,5,1.8,2.8
0.6011096725465181,6,50.0,1.434839806864437,1.042744301168319,1.0076749283751392,0.4,55,45,sma50,True,8,1.2,1.8
0.9101250495911595,4,50.0,1.800775655166764,1.021050852486749,1.4997350987428497,0.4,55,45,sma50,True,8,1.5,2.2
0.9101250495911595,4,50.0,1.800775655166764,1.021050852486749,1.4997350987428497,0.4,55,45,sma50,True,8,1.8,2.8
0.6935868072510898,5,40.0,1.5017373153073779,1.0417899167465605,1.1588729412009537,0.4,55,45,sma50,True,12,1.2,1.8
0.16433438110357024,3,66.66666666666666,1.1928224428312646,1.0246888877718296,0.3487299362832085,0.4,55,45,sma50,True,12,1.5,2.2
0.16433438110357024,3,66.66666666666666,1.1928224428312646,1.0246888877718296,0.3487299362832085,0.4,55,45,sma50,True,12,1.8,2.8
0.4555714263917876,9,44.44444444444444,1.2809290206980206,0.989475278349361,0.7505282815095501,0.4,55,45,sma50,False,3,1.2,1.8
1.489115966797061,9,66.66666666666666,2.310304634802199,0.9794273353720961,2.3961131188080924,0.4,55,45,sma50,False,3,1.5,2.2
1.489115966797061,9,66.66666666666666,2.310304634802199,0.9794273353720961,2.3961131188080924,0.4,55,45,sma50,False,3,1.8,2.8
0.7671606674196196,9,55.55555555555556,1.4296340491527502,1.1281089178922565,1.2088967297277415,0.4,55,45,sma50,False,5,1.2,1.8
1.6750358314515656,7,71.42857142857143,3.5493860908345196,0.5146944957561073,2.7860380676757344,0.4,55,45,sma50,False,5,1.5,2.2
1.221134540558011,7,71.42857142857143,2.0991940545052477,0.9619312646769962,1.9435993614835883,0.4,55,45,sma50,False,5,1.8,2.8
0.5809806556703156,7,42.857142857142854,1.4142466325743321,1.10735220360747,0.9157114847342316,0.4,55,45,sma50,False,8,1.2,1.8
0.889996032714957,5,40.0,1.7694379141966725,1.0854736304909185,1.3791208899052028,0.4,55,45,sma50,False,8,1.5,2.2
0.889996032714957,5,40.0,1.7694379141966725,1.0854736304909185,1.3791208899052028,0.4,55,45,sma50,False,8,1.8,2.8
0.2195564994813326,6,33.33333333333333,1.1182699941763437,1.5109459022008331,0.3468086440091685,0.4,55,45,sma50,False,12,1.2,1.8
-0.30969592666617585,4,50.0,0.7664941838981899,1.496422953389498,-0.5238359615424927,0.4,55,45,sma50,False,12,1.5,2.2
-0.30969592666617585,4,50.0,0.7664941838981899,1.496422953389498,-0.5238359615424927,0.4,55,45,sma50,False,12,1.8,2.8
1.2869554214479217,8,50.0,2.002818916717268,0.7962098549743946,2.0298098369736355,0.4,55,45,ema50,True,3,1.2,1.8
2.320499961853195,8,75.0,3.9073736461461186,0.7881244875116988,3.6561948990063637,0.4,55,45,ema50,True,3,1.5,2.2
2.320499961853195,8,75.0,3.9073736461461186,0.7881244875116988,3.6561948990063637,0.4,55,45,ema50,True,3,1.8,2.8
1.529772823333908,8,62.5,2.1066302031490234,1.0036703959347637,2.341028362037616,0.4,55,45,ema50,True,5,1.2,1.8
2.686920043945462,7,85.71428571428571,9.430544262059879,0.3706400909423646,4.213965660174935,0.4,55,45,ema50,True,5,1.5,2.2
2.686920043945462,7,85.71428571428571,9.430544262059879,0.3706400909423646,4.213965660174935,0.4,55,45,ema50,True,5,1.8,2.8
1.2746714324952668,7,57.14285714285714,1.922091100570294,1.0062067668698882,1.9419245255356996,0.4,55,45,ema50,True,8,1.2,1.8
1.5836868095399081,5,60.0,2.3934105462298594,0.9846180111149794,2.390688046919553,0.4,55,45,ema50,True,8,1.5,2.2
1.5836868095399081,5,60.0,2.3934105462298594,0.9846180111149794,2.390688046919553,0.4,55,45,ema50,True,8,1.8,2.8
1.3671485671998385,6,50.0,1.9889886090132347,1.0052858238714046,2.0812406805788255,0.4,55,45,ema50,True,12,1.2,1.8
0.8378961410523411,4,75.0,1.9831489897100305,0.9879841996135563,1.5090885803014764,0.4,55,45,ema50,True,12,1.5,2.2
0.8378961410523411,4,75.0,1.9831489897100305,0.9879841996135563,1.5090885803014764,0.4,55,45,ema50,True,12,1.8,2.8
1.1291331863405585,10,50.0,1.6962822115263592,0.9528647368221455,1.6861433255136413,0.4,55,45,ema50,False,3,1.2,1.8
2.162677726745832,10,70.0,2.9029858735808736,0.9431885672905538,3.2171716614250494,0.4,55,45,ema50,False,3,1.5,2.2
2.162677726745832,10,70.0,2.9029858735808736,0.9431885672905538,3.2171716614250494,0.4,55,45,ema50,False,3,1.8,2.8
1.4407224273683905,10,60.0,1.8068497727567796,1.104560872802851,2.0877352453884415,0.4,55,45,ema50,False,5,1.2,1.8
2.3485975914003143,8,75.0,4.574539672560174,0.4783526908648139,3.6003564916968775,0.4,55,45,ema50,False,5,1.5,2.2
1.8946963005067596,8,75.0,2.7054950453358293,0.9255894597856917,2.785445073409361,0.4,55,45,ema50,False,5,1.8,2.8
1.2545424156190643,8,50.0,1.894504775709401,1.10735220360747,1.8104976001530195,0.4,55,45,ema50,False,8,1.2,1.8
1.5635577926637056,6,50.0,2.3517595612681093,1.0854736304909185,2.237121695752717,0.4,55,45,ema50,False,8,1.5,2.2
1.5635577926637056,6,50.0,2.3517595612681093,1.0854736304909185,2.237121695752717,0.4,55,45,ema50,False,8,1.8,2.8
0.8931182594300813,7,42.857142857142854,1.481102092587202,1.4744418093256773,1.251858758601604,0.4,55,45,ema50,False,12,1.2,1.8
0.36386583328258393,5,60.0,1.274349066411167,1.4597182652312357,0.5935068037493905,0.4,55,45,ema50,False,12,1.5,2.2
0.36386583328258393,5,60.0,1.274349066411167,1.4597182652312357,0.5935068037493905,0.4,55,45,ema50,False,12,1.8,2.8
0.5881093711854524,7,42.857142857142854,1.4586702037668604,0.8330294641694103,1.0064879021436435,0.4,58,42,sma50,True,3,1.2,1.8
1.6469382019044465,7,71.42857142857143,3.063462531248759,0.8243632555932412,2.8294264928226567,0.4,58,42,sma50,True,3,1.5,2.2
1.6469382019044465,7,71.42857142857143,3.063462531248759,0.8243632555932412,2.8294264928226567,0.4,58,42,sma50,True,3,1.8,2.8
-0.08719284439073771,6,33.33333333333333,0.9474599598766433,1.0499030542608367,-0.13155572043132763,0.4,58,42,sma50,True,5,1.2,1.8
2.0133582839967135,6,83.33333333333334,7.317160857416154,0.3706400909423646,3.4283807835219613,0.4,58,42,sma50,True,5,1.5,2.2
2.0133582839967135,6,83.33333333333334,7.317160857416154,0.3706400909423646,3.4283807835219613,0.4,58,42,sma50,True,5,1.8,2.8
0.47386567688001424,6,50.0,1.3427921206811775,1.0440603491631006,0.8065584191601562,0.4,58,42,sma50,True,8,1.2,1.8
0.43580320739755596,4,50.0,1.3834424720914038,1.0258572833983681,0.7488111190848075,0.4,58,42,sma50,True,8,1.5,2.2
0.43580320739755596,4,50.0,1.3834424720914038,1.0258572833983681,0.7488111190848075,0.4,58,42,sma50,True,8,1.8,2.8
0.44433210372936127,5,40.0,1.3214276778326002,1.0443662815393773,0.7571235447744995,0.4,58,42,sma50,True,12,1.2,1.8
0.16433438110357024,3,66.66666666666666,1.1928224428312646,1.0246888877718296,0.3487299362832085,0.4,58,42,sma50,True,12,1.5,2.2
0.16433438110357024,3,66.66666666666666,1.1928224428312646,1.0246888877718296,0.3487299362832085,0.4,58,42,sma50,True,12,1.8,2.8
0.5881093711854524,7,42.857142857142854,1.4586702037668604,0.8330294641694103,1.0064879021436435,0.4,58,42,sma50,False,3,1.2,1.8
1.6469382019044465,7,71.42857142857143,3.063462531248759,0.8243632555932412,2.8294264928226567,0.4,58,42,sma50,False,3,1.5,2.2
1.6469382019044465,7,71.42857142857143,3.063462531248759,0.8243632555932412,2.8294264928226567,0.4,58,42,sma50,False,3,1.8,2.8
-0.08719284439073771,6,33.33333333333333,0.9474599598766433,1.0499030542608367,-0.13155572043132763,0.4,58,42,sma50,False,5,1.2,1.8
2.0133582839967135,6,83.33333333333334,7.317160857416154,0.3706400909423646,3.4283807835219613,0.4,58,42,sma50,False,5,1.5,2.2
2.0133582839967135,6,83.33333333333334,7.317160857416154,0.3706400909423646,3.4283807835219613,0.4,58,42,sma50,False,5,1.8,2.8
0.47386567688001424,6,50.0,1.3427921206811775,1.0440603491631006,0.8065584191601562,0.4,58,42,sma50,False,8,1.2,1.8
0.43580320739755596,4,50.0,1.3834424720914038,1.0258572833983681,0.7488111190848075,0.4,58,42,sma50,False,8,1.5,2.2
0.43580320739755596,4,50.0,1.3834424720914038,1.0258572833983681,0.7488111190848075,0.4,58,42,sma50,False,8,1.8,2.8
0.44433210372936127,5,40.0,1.3214276778326002,1.0443662815393773,0.7571235447744995,0.4,58,42,sma50,False,12,1.2,1.8
0.16433438110357024,3,66.66666666666666,1.1928224428312646,1.0246888877718296,0.3487299362832085,0.4,58,42,sma50,False,12,1.5,2.2
0.16433438110357024,3,66.66666666666666,1.1928224428312646,1.0246888877718296,0.3487299362832085,0.4,58,42,sma50,False,12,1.8,2.8
-0.03365700912457692,8,37.5,0.9738323198936916,0.8944568751259818,-0.04353304755678316,0.4,58,42,ema50,True,3,1.2,1.8
1.0251718215944061,8,62.5,2.278041203350641,0.885151622220004,1.8891420142602908,0.4,58,42,ema50,True,3,1.5,2.2
1.0251718215944061,8,62.5,2.278041203350641,0.885151622220004,1.8891420142602908,0.4,58,42,ema50,True,3,1.8,2.8
-0.14906246566759318,6,33.33333333333333,0.9101790062959233,1.1116133543940476,-0.23771026277058285,0.4,58,42,ema50,True,5,1.2,1.8
1.951488662719858,6,83.33333333333334,7.123037261581309,0.3706400909423646,3.3168848459575453,0.4,58,42,ema50,True,5,1.5,2.2
1.951488662719858,6,83.33333333333334,7.123037261581309,0.3706400909423646,3.3168848459575453,0.4,58,42,ema50,True,5,1.8,2.8
0.4119960556031588,6,50.0,1.298035938248058,1.105427231793421,0.7030925410288182,0.4,58,42,ema50,True,8,1.2,1.8
0.3739335861207005,4,50.0,1.3290063409958468,1.0872588801761784,0.6445997824739608,0.4,58,42,ema50,True,8,1.5,2.2
0.3739335861207005,4,50.0,1.3290063409958468,1.0872588801761784,0.6445997824739608,0.4,58,42,ema50,True,8,1.8,2.8
0.3824624824525058,5,40.0,1.2766714953994807,1.1057511460002,0.6537663662169144,0.4,58,42,ema50,True,12,1.2,1.8
0.10246475982671477,3,66.66666666666666,1.120227460384288,1.0862588074684654,0.22305162365387074,0.4,58,42,ema50,True,12,1.5,2.2
0.10246475982671477,3,66.66666666666666,1.120227460384288,1.0862588074684654,0.22305162365387074,0.4,58,42,ema50,True,12,1.8,2.8
-0.03365700912457692,8,37.5,0.9738323198936916,0.8944568751259818,-0.04353304755678316,0.4,58,42,ema50,False,3,1.2,1.8
1.0251718215944061,8,62.5,2.278041203350641,0.885151622220004,1.8891420142602908,0.4,58,42,ema50,False,3,1.5,2.2
1.0251718215944061,8,62.5,2.278041203350641,0.885151622220004,1.8891420142602908,0.4,58,42,ema50,False,3,1.8,2.8
-0.14906246566759318,6,33.33333333333333,0.9101790062959233,1.1116133543940476,-0.23771026277058285,0.4,58,42,ema50,False,5,1.2,1.8
1.951488662719858,6,83.33333333333334,7.123037261581309,0.3706400909423646,3.3168848459575453,0.4,58,42,ema50,False,5,1.5,2.2
1.951488662719858,6,83.33333333333334,7.123037261581309,0.3706400909423646,3.3168848459575453,0.4,58,42,ema50,False,5,1.8,2.8
0.4119960556031588,6,50.0,1.298035938248058,1.105427231793421,0.7030925410288182,0.4,58,42,ema50,False,8,1.2,1.8
0.3739335861207005,4,50.0,1.3290063409958468,1.0872588801761784,0.6445997824739608,0.4,58,42,ema50,False,8,1.5,2.2
0.3739335861207005,4,50.0,1.3290063409958468,1.0872588801761784,0.6445997824739608,0.4,58,42,ema50,False,8,1.8,2.8
0.3824624824525058,5,40.0,1.2766714953994807,1.1057511460002,0.6537663662169144,0.4,58,42,ema50,False,12,1.2,1.8
0.10246475982671477,3,66.66666666666666,1.120227460384288,1.0862588074684654,0.22305162365387074,0.4,58,42,ema50,False,12,1.5,2.2
0.10246475982671477,3,66.66666666666666,1.120227460384288,1.0862588074684654,0.22305162365387074,0.4,58,42,ema50,False,12,1.8,2.8
0.5853936614989452,7,42.857142857142854,1.4505323110871762,0.8448658155619682,1.022197619415598,0.8,52,48,sma50,True,3,1.2,1.8
1.6189382019042187,7,71.42857142857143,3.0082518558071625,0.8362850066600647,2.7798605019258935,0.8,52,48,sma50,True,3,1.5,2.2
1.6189382019042187,7,71.42857142857143,3.0082518558071625,0.8362850066600647,2.7798605019258935,0.8,52,48,sma50,True,3,1.8,2.8
0.8282110633849316,7,57.14285714285714,1.5939677653040651,1.0521396951444162,1.387993314839691,0.8,52,48,sma50,True,5,1.2,1.8
1.9893582839965118,6,83.33333333333334,7.1644904783552805,0.3746400909423908,3.385623689232971,0.8,52,48,sma50,True,5,1.5,2.2
1.9893582839965118,6,83.33333333333334,7.1644904783552805,0.3746400909423908,3.385623689232971,0.8,52,48,sma50,True,5,1.8,2.8
0.5771096725463165,6,50.0,1.413885490899779,1.0547571727879568,0.9679810306208352,0.8,52,48,sma50,True,8,1.2,1.8
0.8941250495910102,4,50.0,1.781199297473074,1.0290344534739093,1.4734116773829455,0.8,52,48,sma50,True,8,1.5,2.2
0.8941250495910102,4,50.0,1.781199297473074,1.0290344534739093,1.4734116773829455,0.8,52,48,sma50,True,8,1.8,2.8
0.6735868072509144,5,40.0,1.483075955307756,1.053749957234562,1.1257743152587976,0.8,52,48,sma50,True,12,1.2,1.8
0.15233438110349162,3,66.66666666666666,1.1779071992858454,1.0287514128843434,0.3243727681802179,0.8,52,48,sma50,True,12,1.5,2.2
0.15233438110349162,3,66.66666666666666,1.1779071992858454,1.0287514128843434,0.3243727681802179,0.8,52,48,sma50,True,12,1.8,2.8
-0.17710788726817972,10,40.0,0.9213711393972278,1.6018476409258242,-0.26406751770122816,0.8,52,48,sma50,False,3,1.2,1.8
1.2861980628966263,10,70.0,1.900556508113021,1.1632614671963637,1.9922866073510863,0.8,52,48,sma50,False,3,1.5,2.2
1.2861980628966263,10,70.0,1.900556508113021,1.1632614671963637,1.9922866073510863,0.8,52,48,sma50,False,3,1.8,2.8
0.2885484962462437,9,44.44444444444444,1.1491952324157497,1.5854790978374056,0.47978610338763233,0.8,52,48,sma50,False,5,1.2,1.8
1.1904284896849804,7,71.42857142857143,2.0613262978857234,0.9726717992747935,1.8944095508059557,0.8,52,48,sma50,False,5,1.5,2.2
1.1904284896849804,7,71.42857142857143,2.0613262978857234,0.9726717992747935,1.8944095508059557,0.8,52,48,sma50,False,5,1.8,2.8
-0.41645418548592605,8,37.5,0.8256006478518129,2.0391223503588685,-0.6164922362992444,0.8,52,48,sma50,False,8,1.2,1.8
0.34734568786614073,6,33.33333333333333,1.2053679215722208,1.5691778462561312,0.5298011718107937,0.8,52,48,sma50,False,8,1.5,2.2
0.34734568786614073,6,33.33333333333333,1.2053679215722208,1.5691778462561312,0.5298011718107937,0.8,52,48,sma50,False,8,1.8,2.8
-0.3199770507813282,7,28.57142857142857,0.8660025705025932,2.0371751384322456,-0.46816187895817907,0.8,52,48,sma50,False,12,1.2,1.8
-0.5466265029907658,4,50.0,0.6485210733489847,1.724381853307022,-0.9281663860199844,0.8,52,48,sma50,False,12,1.5,2.2
-0.5466265029907658,4,50.0,0.6485210733489847,1.724381853307022,-0.9281663860199844,0.8,52,48,sma50,False,12,1.8,2.8
1.2549554214476677,8,50.0,1.9658423100934213,0.8082494587517086,1.9788325274710505,0.8,52,48,ema50,True,3,1.2,1.8
2.288499961852941,8,75.0,3.8388262689706285,0.8000405408112976,3.60305958030056,0.8,52,48,ema50,True,3,1.5,2.2
2.288499961852941,8,75.0,3.8388262689706285,0.8000405408112976,3.60305958030056,0.8,52,48,ema50,True,3,1.8,2.8
1.497772823333654,8,62.5,2.074157079202362,1.0156884989910298,2.2912341342134206,0.8,52,48,ema50,True,5,1.2,1.8
2.6589200439452343,7,85.71428571428571,9.239283705436891,0.3746400909423908,4.166915054127973,0.8,52,48,ema50,True,5,1.5,2.2
2.6589200439452343,7,85.71428571428571,9.239283705436891,0.3746400909423908,4.166915054127973,0.8,52,48,ema50,True,5,1.8,2.8
1.246671432495039,7,57.14285714285714,1.894074804798076,1.0182152945783285,1.8989644472738552,0.8,52,48,ema50,True,8,1.2,1.8
1.5636868095397327,5,60.0,2.366197085786937,0.9925987328481045,2.359984670060325,0.8,52,48,ema50,True,8,1.5,2.2
1.5636868095397327,5,60.0,2.366197085786937,0.9925987328481045,2.359984670060325,0.8,52,48,ema50,True,8,1.8,2.8
1.3431485671996368,6,50.0,1.9632652692060528,1.0172429738320332,2.0443442487385592,0.8,52,48,ema50,True,12,1.2,1.8
0.8218961410521919,4,75.0,1.959870250558245,0.9920438023424127,1.4802776887194466,0.8,52,48,ema50,True,12,1.5,2.2
0.8218961410521919,4,75.0,1.959870250558245,0.9920438023424127,1.4802776887194466,0.8,52,48,ema50,True,12,1.8,2.8
0.49245387268055385,11,45.45454545454545,1.2186299407980141,1.5652312841155758,0.7434955643835589,0.8,52,48,ema50,False,3,1.2,1.8
1.9557598228453488,11,72.72727272727273,2.369363154538426,1.1270170013475966,2.8095682580338335,0.8,52,48,ema50,False,3,1.5,2.2
1.9557598228453488,11,72.72727272727273,2.369363154538426,1.1270170013475966,2.8095682580338335,0.8,52,48,ema50,False,3,1.8,2.8
0.9581102561949661,10,50.0,1.4953950001906302,1.549027901684008,1.4250363467863372,0.8,52,48,ema50,False,5,1.2,1.8
1.8599902496337029,8,75.0,2.6582739600508525,0.9363228313305161,2.7331094253068957,0.8,52,48,ema50,False,5,1.5,2.2
1.8599902496337029,8,75.0,2.6582739600508525,0.9363228313305161,2.7331094253068957,0.8,52,48,ema50,False,5,1.8,2.8
0.2531075744627964,9,44.44444444444444,1.1059943651631483,2.00258047214924,0.3786827823002956,0.8,52,48,ema50,False,8,1.2,1.8
1.0169074478148632,7,42.857142857142854,1.6012458950390762,1.5327421256303264,1.4073685798688835,0.8,52,48,ema50,False,8,1.5,2.2
1.0169074478148632,7,42.857142857142854,1.6012458950390762,1.5327421256303264,1.4073685798688835,0.8,52,48,ema50,False,8,1.8,2.8
0.34958470916739426,8,37.5,1.1463962878139289,2.0006681550297167,0.5142016365917927,0.8,52,48,ema50,False,12,1.2,1.8
0.1229352569579456,5,60.0,1.0790469395953968,1.6876742427650915,0.21195180479354706,0.8,52,48,ema50,False,12,1.5,2.2
0.1229352569579456,5,60.0,1.0790469395953968,1.6876742427650915,0.21195180479354706,0.8,52,48,ema50,False,12,1.8,2.8
0.5853936614989452,7,42.857142857142854,1.4505323110871762,0.8448658155619682,1.022197619415598,0.8,55,45,sma50,True,3,1.2,1.8
1.6189382019042187,7,71.42857142857143,3.0082518558071625,0.8362850066600647,2.7798605019258935,0.8,55,45,sma50,True,3,1.5,2.2
1.6189382019042187,7,71.42857142857143,3.0082518558071625,0.8362850066600647,2.7798605019258935,0.8,55,45,sma50,True,3,1.8,2.8
0.8282110633849316,7,57.14285714285714,1.5939677653040651,1.0521396951444162,1.387993314839691,0.8,55,45,sma50,True,5,1.2,1.8
1.9893582839965118,6,83.33333333333334,7.1644904783552805,0.3746400909423908,3.385623689232971,0.8,55,45,sma50,True,5,1.5,2.2
1.9893582839965118,6,83.33333333333334,7.1644904783552805,0.3746400909423908,3.385623689232971,0.8,55,45,sma50,True,5,1.8,2.8
0.5771096725463165,6,50.0,1.413885490899779,1.0547571727879568,0.9679810306208352,0.8,55,45,sma50,True,8,1.2,1.8
0.8941250495910102,4,50.0,1.781199297473074,1.0290344534739093,1.4734116773829455,0.8,55,45,sma50,True,8,1.5,2.2
0.8941250495910102,4,50.0,1.781199297473074,1.0290344534739093,1.4734116773829455,0.8,55,45,sma50,True,8,1.8,2.8
0.6735868072509144,5,40.0,1.483075955307756,1.053749957234562,1.1257743152587976,0.8,55,45,sma50,True,12,1.2,1.8
0.15233438110349162,3,66.66666666666666,1.1779071992858454,1.0287514128843434,0.3243727681802179,0.8,55,45,sma50,True,12,1.5,2.2
0.15233438110349162,3,66.66666666666666,1.1779071992858454,1.0287514128843434,0.3243727681802179,0.8,55,45,sma50,True,12,1.8,2.8
0.41957142639150735,9,44.44444444444444,1.2555775020916415,1.009487669013287,0.6925842776724429,0.8,55,45,sma50,False,3,1.2,1.8
1.4531159667967808,9,66.66666666666666,2.265267446336641,0.9992348920431771,2.3371699976018077,0.8,55,45,sma50,False,3,1.5,2.2
1.4531159667967808,9,66.66666666666666,2.265267446336641,0.9992348920431771,2.3371699976018077,0.8,55,45,sma50,False,3,1.8,2.8
0.7311606674193394,9,55.55555555555556,1.4058364212706365,1.1480529627439284,1.152711303252953,0.8,55,45,sma50,False,5,1.2,1.8
1.6470358314513378,7,71.42857142857143,3.4766153488379534,0.5226800348372085,2.738206666812311,0.8,55,45,sma50,False,5,1.5,2.2
1.1931345405577831,7,71.42857142857143,2.0663114377795524,0.9700049551496059,1.898720367526479,0.8,55,45,sma50,False,5,1.8,2.8
0.5529806556700878,7,42.857142857142854,1.3898349578132274,1.1193727563965306,0.8723637941018766,0.8,55,45,sma50,False,8,1.2,1.8
0.8699960327147815,5,40.0,1.7444240773057291,1.0934623227511375,1.3483085556756669,0.8,55,45,sma50,False,8,1.5,2.2
0.8699960327147815,5,40.0,1.7444240773057291,1.0934623227511375,1.3483085556756669,0.8,55,45,sma50,False,8,1.8,2.8
0.19555649948113096,6,33.33333333333333,1.1044415866324566,1.5269022747590122,0.31118638730892684,0.8,55,45,sma50,False,12,1.2,1.8
-0.32569592666630287,4,50.0,0.7559028010287779,1.5045039780084979,-0.5518297717481115,0.8,55,45,sma50,False,12,1.5,2.2
-0.32569592666630287,4,50.0,0.7559028010287779,1.5045039780084979,-0.5518297717481115,0.8,55,45,sma50,False,12,1.8,2.8
1.2549554214476677,8,50.0,1.9658423100934213,0.8082494587517086,1.9788325274710505,0.8,55,45,ema50,True,3,1.2,1.8
2.288499961852941,8,75.0,3.8388262689706285,0.8000405408112976,3.60305958030056,0.8,55,45,ema50,True,3,1.5,2.2
2.288499961852941,8,75.0,3.8388262689706285,0.8000405408112976,3.60305958030056,0.8,55,45,ema50,True,3,1.8,2.8
1.497772823333654,8,62.5,2.074157079202362,1.0156884989910298,2.2912341342134206,0.8,55,45,ema50,True,5,1.2,1.8
2.6589200439452343,7,85.71428571428571,9.239283705436891,0.3746400909423908,4.166915054127973,0.8,55,45,ema50,True,5,1.5,2.2
2.6589200439452343,7,85.71428571428571,9.239283705436891,0.3746400909423908,4.166915054127973,0.8,55,45,ema50,True,5,1.8,2.8
1.246671432495039,7,57.14285714285714,1.894074804798076,1.0182152945783285,1.8989644472738552,0.8,55,45,ema50,True,8,1.2,1.8
1.5636868095397327,5,60.0,2.366197085786937,0.9925987328481045,2.359984670060325,0.8,55,45,ema50,True,8,1.5,2.2
1.5636868095397327,5,60.0,2.366197085786937,0.9925987328481045,2.359984670060325,0.8,55,45,ema50,True,8,1.8,2.8
1.3431485671996368,6,50.0,1.9632652692060528,1.0172429738320332,2.0443442487385592,0.8,55,45,ema50,True,12,1.2,1.8
0.8218961410521919,4,75.0,1.959870250558245,0.9920438023424127,1.4802776887194466,0.8,55,45,ema50,True,12,1.5,2.2
0.8218961410521919,4,75.0,1.959870250558245,0.9920438023424127,1.4802776887194466,0.8,55,45,ema50,True,12,1.8,2.8
1.0891331863402298,10,50.0,1.6634339750061962,0.9728713122030386,1.6263576929708357,0.8,55,45,ema50,False,3,1.2,1.8
2.1226777267455033,10,70.0,2.848273013361322,0.96299042619441,3.1553700177126442,0.8,55,45,ema50,False,3,1.5,2.2
2.1226777267455033,10,70.0,2.848273013361322,0.96299042619441,3.1553700177126442,0.8,55,45,ema50,False,3,1.8,2.8
1.4007224273680619,10,60.0,1.7774818893403854,1.1165949291958688,2.0292269713605804,0.8,55,45,ema50,False,5,1.2,1.8
2.3165975914000603,8,75.0,4.4834221832847305,0.48633106689291994,3.548860427919872,0.8,55,45,ema50,False,5,1.5,2.2
1.8626963005065056,8,75.0,2.6647027663880967,0.9336559872053174,2.7371634534900555,0.8,55,45,ema50,False,5,1.8,2.8
1.2225424156188103,8,50.0,1.8618561357089618,1.1193727563965306,1.7641703575333052,0.8,55,45,ema50,False,8,1.2,1.8
1.539557792663504,6,50.0,2.3173438109666558,1.0934623227511375,2.2023639572927936,0.8,55,45,ema50,False,8,1.5,2.2
1.539557792663504,6,50.0,2.3173438109666558,1.0934623227511375,2.2023639572927936,0.8,55,45,ema50,False,8,1.8,2.8
0.8651182594298534,7,42.857142857142854,1.462036924772595,1.4903952913564722,1.2130304529614742,0.8,55,45,ema50,False,12,1.2,1.8
0.3438658332824085,5,60.0,1.2577148802114064,1.4677963674665562,0.5619134794040468,0.8,55,45,ema50,False,12,1.5,2.2
0.3438658332824085,5,60.0,1.2577148802114064,1.4677963674665562,0.5619134794040468,0.8,55,45,ema50,False,12,1.8,2.8
0.5601093711852245,7,42.857142857142854,1.4314489907846573,0.8450779407576547,0.9591836522573174,0.8,58,42,sma50,True,3,1.2,1.8
1.6189382019042187,7,71.42857142857143,3.0082518558071625,0.8362850066600647,2.7798605019258935,0.8,58,42,sma50,True,3,1.5,2.2
1.6189382019042187,7,71.42857142857143,3.0082518558071625,0.8362850066600647,2.7798605019258935,0.8,58,42,sma50,True,3,1.8,2.8
-0.11119284439093935,6,33.33333333333333,0.9336380184931187,1.0619992646685228,-0.17278574324103088,0.8,58,42,sma50,True,5,1.2,1.8
1.9893582839965118,6,83.33333333333334,7.1644904783552805,0.3746400909423908,3.385623689232971,0.8,58,42,sma50,True,5,1.5,2.2
1.9893582839965118,6,83.33333333333334,7.1644904783552805,0.3746400909423908,3.385623689232971,0.8,58,42,sma50,True,5,1.8,2.8
0.4498656768798126,6,50.0,1.322629970301566,1.0560885406986964,0.766510237987019,0.8,58,42,sma50,True,8,1.2,1.8
0.41980320739740673,4,50.0,1.3667831147844667,1.033878850509462,0.7219155383083138,0.8,58,42,sma50,True,8,1.5,2.2
0.41980320739740673,4,50.0,1.3667831147844667,1.033878850509462,0.7219155383083138,0.8,58,42,sma50,True,8,1.8,2.8
0.42433210372918584,5,40.0,1.3043180688370761,1.0563561062762905,0.7237825614690384,0.8,58,42,sma50,True,12,1.2,1.8
0.15233438110349162,3,66.66666666666666,1.1779071992858454,1.0287514128843434,0.3243727681802179,0.8,58,42,sma50,True,12,1.5,2.2
0.15233438110349162,3,66.66666666666666,1.1779071992858454,1.0287514128843434,0.3243727681802179,0.8,58,42,sma50,True,12,1.8,2.8
0.5601093711852245,7,42.857142857142854,1.4314489907846573,0.8450779407576547,0.9591836522573174,0.8,58,42,sma50,False,3,1.2,1.8
1.6189382019042187,7,71.42857142857143,3.0082518558071625,0.8362850066600647,2.7798605019258935,0.8,58,42,sma50,False,3,1.5,2.2
1.6189382019042187,7,71.42857142857143,3.0082518558071625,0.8362850066600647,2.7798605019258935,0.8,58,42,sma50,False,3,1.8,2.8
-0.11119284439093935,6,33.33333333333333,0.9336380184931187,1.0619992646685228,-0.17278574324103088,0.8,58,42,sma50,False,5,1.2,1.8
1.9893582839965118,6,83.33333333333334,7.1644904783552805,0.3746400909423908,3.385623689232971,0.8,58,42,sma50,False,5,1.5,2.2
1.9893582839965118,6,83.33333333333334,7.1644904783552805,0.3746400909423908,3.385623689232971,0.8,58,42,sma50,False,5,1.8,2.8
0.4498656768798126,6,50.0,1.322629970301566,1.0560885406986964,0.766510237987019,0.8,58,42,sma50,False,8,1.2,1.8
0.41980320739740673,4,50.0,1.3667831147844667,1.033878850509462,0.7219155383083138,0.8,58,42,sma50,False,8,1.5,2.2
0.41980320739740673,4,50.0,1.3667831147844667,1.033878850509462,0.7219155383083138,0.8,58,42,sma50,False,8,1.8,2.8
0.42433210372918584,5,40.0,1.3043180688370761,1.0563561062762905,0.7237825614690384,0.8,58,42,sma50,False,12,1.2,1.8
0.15233438110349162,3,66.66666666666666,1.1779071992858454,1.0287514128843434,0.3243727681802179,0.8,58,42,sma50,False,12,1.5,2.2
0.15233438110349162,3,66.66666666666666,1.1779071992858454,1.0287514128843434,0.3243727681802179,0.8,58,42,sma50,False,12,1.8,2.8
-0.06565700912484207,8,37.5,0.9497345412846903,0.9065151114024284,-0.1014292461630335,0.8,58,42,ema50,True,3,1.2,1.8
0.9931718215941521,8,62.5,2.219898476968872,0.8970829309506656,1.829756035714307,0.8,58,42,ema50,True,3,1.5,2.2
0.9931718215941521,8,62.5,2.219898476968872,0.8970829309506656,1.829756035714307,0.8,58,42,ema50,True,3,1.8,2.8
-0.17306246566779482,6,33.33333333333333,0.8967130645043726,1.1237169518526047,-0.27891196371366506,0.8,58,42,ema50,True,5,1.2,1.8
1.9274886627196564,6,83.33333333333334,6.972773031413336,0.3746400909423908,3.2743431787624213,0.8,58,42,ema50,True,5,1.5,2.2
1.9274886627196564,6,83.33333333333334,6.972773031413336,0.3746400909423908,3.2743431787624213,0.8,58,42,ema50,True,5,1.8,2.8
0.38799605560295714,6,50.0,1.278258961129304,1.1174627283859984,0.6631144342551138,0.8,58,42,ema50,True,8,1.2,1.8
0.35793358612055126,4,50.0,1.3127274715626245,1.095285322643369,0.6177499049549449,0.8,58,42,ema50,True,8,1.5,2.2
0.35793358612055126,4,50.0,1.3127274715626245,1.095285322643369,0.6177499049549449,0.8,58,42,ema50,True,8,1.8,2.8
0.36246248245233037,5,40.0,1.2599470596648141,1.1177458434363352,0.620481094629586,0.8,58,42,ema50,True,12,1.2,1.8
0.09046475982663615,3,66.66666666666666,1.105651343696926,1.0903262347048415,0.19873829051437672,0.8,58,42,ema50,True,12,1.5,2.2
0.09046475982663615,3,66.66666666666666,1.105651343696926,1.0903262347048415,0.19873829051437672,0.8,58,42,ema50,True,12,1.8,2.8
-0.06565700912484207,8,37.5,0.9497345412846903,0.9065151114024284,-0.1014292461630335,0.8,58,42,ema50,False,3,1.2,1.8
0.9931718215941521,8,62.5,2.219898476968872,0.8970829309506656,1.829756035714307,0.8,58,42,ema50,False,3,1.5,2.2
0.9931718215941521,8,62.5,2.219898476968872,0.8970829309506656,1.829756035714307,0.8,58,42,ema50,False,3,1.8,2.8
-0.17306246566779482,6,33.33333333333333,0.8967130645043726,1.1237169518526047,-0.27891196371366506,0.8,58,42,ema50,False,5,1.2,1.8
1.9274886627196564,6,83.33333333333334,6.972773031413336,0.3746400909423908,3.2743431787624213,0.8,58,42,ema50,False,5,1.5,2.2
1.9274886627196564,6,83.33333333333334,6.972773031413336,0.3746400909423908,3.2743431787624213,0.8,58,42,ema50,False,5,1.8,2.8
0.38799605560295714,6,50.0,1.278258961129304,1.1174627283859984,0.6631144342551138,0.8,58,42,ema50,False,8,1.2,1.8
0.35793358612055126,4,50.0,1.3127274715626245,1.095285322643369,0.6177499049549449,0.8,58,42,ema50,False,8,1.5,2.2
0.35793358612055126,4,50.0,1.3127274715626245,1.095285322643369,0.6177499049549449,0.8,58,42,ema50,False,8,1.8,2.8
0.36246248245233037,5,40.0,1.2599470596648141,1.1177458434363352,0.620481094629586,0.8,58,42,ema50,False,12,1.2,1.8
0.09046475982663615,3,66.66666666666666,1.105651343696926,1.0903262347048415,0.19873829051437672,0.8,58,42,ema50,False,12,1.5,2.2
0.09046475982663615,3,66.66666666666666,1.105651343696926,1.0903262347048415,0.19873829051437672,0.8,58,42,ema50,False,12,1.8,2.8
0.5363936614988907,7,42.857142857142854,1.4041123984217516,0.8659545093091414,0.9375709129370584,1.5,52,48,sma50,True,3,1.2,1.8
1.569938201904164,7,71.42857142857143,2.914224930308905,0.8571570942475959,2.693004716526565,1.5,52,48,sma50,True,3,1.5,2.2
1.569938201904164,7,71.42857142857143,2.914224930308905,0.8571570942475959,2.693004716526565,1.5,52,48,sma50,True,3,1.8,2.8
0.779211063384877,7,57.14285714285714,1.5505350895951189,1.0731906130766244,1.3060549035191626,1.5,52,48,sma50,True,5,1.2,1.8
1.947358283996481,6,83.33333333333334,6.906230852034365,0.38164009094240336,3.3106381895743193,1.5,52,48,sma50,True,5,1.5,2.2
1.947358283996481,6,83.33333333333334,6.906230852034365,0.38164009094240336,3.3106381895743193,1.5,52,48,sma50,True,5,1.8,2.8
0.5351096725462856,6,50.0,1.3780704168120528,1.0757865727572202,0.8984903295621701,1.5,52,48,sma50,True,8,1.2,1.8
0.8661250495909822,4,50.0,1.7475912148135757,1.0430087920040298,1.4272911895133145,1.5,52,48,sma50,True,8,1.5,2.2
0.8661250495909822,4,50.0,1.7475912148135757,1.0430087920040298,1.4272911895133145,1.5,52,48,sma50,True,8,1.8,2.8
0.6385868072508849,5,40.0,1.4511799968764978,1.0746845863485288,1.0678116687822603,1.5,52,48,sma50,True,12,1.2,1.8
0.13133438110346507,3,66.66666666666666,1.1521381218998332,1.0358623886677076,0.28174109651837104,1.5,52,48,sma50,True,12,1.5,2.2
0.13133438110346507,3,66.66666666666666,1.1521381218998332,1.0358623886677076,0.28174109651837104,1.5,52,48,sma50,True,12,1.8,2.8
-0.24710788726824973,10,40.0,0.8923020931453335,1.644000592243322,-0.3761050291263576,1.5,52,48,sma50,False,3,1.2,1.8
1.2161980628965452,10,70.0,1.8392053473352474,1.2048654676175774,1.8828410989383113,1.5,52,48,sma50,False,3,1.5,2.2
1.2161980628965452,10,70.0,1.8392053473352474,1.2048654676175774,1.8828410989383113,1.5,52,48,sma50,False,3,1.8,2.8
0.22554849624616402,9,44.44444444444444,1.1145478523627916,1.6205174352540652,0.3791691101925446,1.5,52,48,sma50,False,5,1.2,1.8
1.1414284896849258,7,71.42857142857143,2.0050950645850194,0.9868093387711885,1.8158143351683165,1.5,52,48,sma50,False,5,1.5,2.2
1.1414284896849258,7,71.42857142857143,2.0050950645850194,0.9868093387711885,1.8158143351683165,1.5,52,48,sma50,False,5,1.8,2.8
-0.47245418548598206,8,37.5,0.8050074259119716,2.0742298664583103,-0.7021271637856347,1.5,52,48,sma50,False,8,1.2,1.8
0.3053456878661098,6,33.33333333333333,1.1775953596547095,1.5970588998928226,0.4682166581510691,1.5,52,48,sma50,False,8,1.5,2.2
0.3053456878661098,6,33.33333333333333,1.1775953596547095,1.5970588998928226,0.4682166581510691,1.5,52,48,sma50,False,8,1.8,2.8
-0.36897705078138276,7,28.57142857142857,0.8477147898747891,2.0721051205475294,-0.542971852826126,1.5,52,48,sma50,False,12,1.2,1.8
-0.5746265029907938,4,50.0,0.6338135637708656,1.7385573836876111,-0.9766483948604422,1.5,52,48,sma50,False,12,1.5,2.2
-0.5746265029907938,4,50.0,0.6338135637708656,1.7385573836876111,-0.9766483948604422,1.5,52,48,sma50,False,12,1.8,2.8
1.1989554214476117,8,50.0,1.9032782930506815,0.8293279713069701,1.8895725896846085,1.5,52,48,ema50,True,3,1.2,1.8
2.232499961852885,8,75.0,3.722086180659289,0.8209026529937047,3.5099594158558713,1.5,52,48,ema50,True,3,1.5,2.2
2.232499961852885,8,75.0,3.722086180659289,0.8209026529937047,3.5099594158558713,1.5,52,48,ema50,True,3,1.8,2.8
1.441772823333598,8,62.5,2.0186540820169054,1.0367293273828015,2.204033614566912,1.5,52,48,ema50,True,5,1.2,1.8
2.6099200439451797,7,85.71428571428571,8.915744324797194,0.38164009094240336,4.084416824619443,1.5,52,48,ema50,True,5,1.5,2.2
2.6099200439451797,7,85.71428571428571,8.915744324797194,0.38164009094240336,4.084416824619443,1.5,52,48,ema50,True,5,1.8,2.8
1.1976714324949844,7,57.14285714285714,1.8461894092338396,1.0392370902170822,1.823725819049665,1.5,52,48,ema50,True,8,1.2,1.8
1.5286868095397033,5,60.0,2.3194778624090597,1.0065680315884507,2.306167616880549,1.5,52,48,ema50,True,8,1.5,2.2
1.5286868095397033,5,60.0,2.3194778624090597,1.0065680315884507,2.306167616880549,1.5,52,48,ema50,True,8,1.8,2.8
1.301148567199606,6,50.0,1.9192989892982841,1.038172543421434,1.979702554349868,1.5,52,48,ema50,True,12,1.2,1.8
0.7938961410521639,4,75.0,1.919651555581898,0.9991496628344421,1.4297927022669867,1.5,52,48,ema50,True,12,1.5,2.2
0.7938961410521639,4,75.0,1.919651555581898,0.9991496628344421,1.4297927022669867,1.5,52,48,ema50,True,12,1.8,2.8
0.4154538726804713,11,45.45454545454545,1.1810687347013171,1.6073740542411508,0.6301980103950037,1.5,52,48,ema50,False,3,1.2,1.8
1.8787598228452662,11,72.72727272727273,2.296388588167359,1.1686110263636862,2.695734684544048,1.5,52,48,ema50,False,3,1.5,2.2
1.8787598228452662,11,72.72727272727273,2.296388588167359,1.1686110263636862,2.695734684544048,1.5,52,48,ema50,False,3,1.8,2.8
0.888110256194885,10,50.0,1.4510387974275532,1.5840561495602312,1.3213536981500589,1.5,52,48,ema50,False,5,1.2,1.8
1.8039902496336468,8,75.0,2.588519747712568,0.9504478286872953,2.648550807395053,1.5,52,48,ema50,False,5,1.5,2.2
1.8039902496336468,8,75.0,2.588519747712568,0.9504478286872953,2.648550807395053,1.5,52,48,ema50,False,5,1.8,2.8
0.19010757446271676,9,44.44444444444444,1.078461714250681,2.0376803839181723,0.2898898826452698,1.5,52,48,ema50,False,8,1.2,1.8
0.9679074478148086,7,42.857142857142854,1.5629549659221116,1.5606181394772545,1.3399781473852277,1.5,52,48,ema50,False,8,1.5,2.2
0.9679074478148086,7,42.857142857142854,1.5629549659221116,1.5606181394772545,1.3399781473852277,1.5,52,48,ema50,False,8,1.8,2.8
0.29358470916733825,8,37.5,1.1211690782134982,2.0355930776204456,0.4352679774787878,1.5,52,48,ema50,False,12,1.2,1.8
0.08793525695791615,5,60.0,1.0560376143403303,1.7018446578543456,0.15732922292827375,1.5,52,48,ema50,False,12,1.5,2.2
0.08793525695791615,5,60.0,1.0560376143403303,1.7018446578543456,0.15732922292827375,1.5,52,48,ema50,False,12,1.8,2.8
0.5363936614988907,7,42.857142857142854,1.4041123984217516,0.8659545093091414,0.9375709129370584,1.5,55,45,sma50,True,3,1.2,1.8
1.569938201904164,7,71.42857142857143,2.914224930308905,0.8571570942475959,2.693004716526565,1.5,55,45,sma50,True,3,1.5,2.2
1.569938201904164,7,71.42857142857143,2.914224930308905,0.8571570942475959,2.693004716526565,1.5,55,45,sma50,True,3,1.8,2.8
0.779211063384877,7,57.14285714285714,1.5505350895951189,1.0731906130766244,1.3060549035191626,1.5,55,45,sma50,True,5,1.2,1.8
1.947358283996481,6,83.33333333333334,6.906230852034365,0.38164009094240336,3.3106381895743193,1.5,55,45,sma50,True,5,1.5,2.2
1.947358283996481,6,83.33333333333334,6.906230852034365,0.38164009094240336,3.3106381895743193,1.5,55,45,sma50,True,5,1.8,2.8
0.5351096725462856,6,50.0,1.3780704168120528,1.0757865727572202,0.8984903295621701,1.5,55,45,sma50,True,8,1.2,1.8
0.8661250495909822,4,50.0,1.7475912148135757,1.0430087920040298,1.4272911895133145,1.5,55,45,sma50,True,8,1.5,2.2
0.8661250495909822,4,50.0,1.7475912148135757,1.0430087920040298,1.4272911895133145,1.5,55,45,sma50,True,8,1.8,2.8
0.6385868072508849,5,40.0,1.4511799968764978,1.0746845863485288,1.0678116687822603,1.5,55,45,sma50,True,12,1.2,1.8
0.13133438110346507,3,66.66666666666666,1.1521381218998332,1.0358623886677076,0.28174109651837104,1.5,55,45,sma50,True,12,1.5,2.2
0.13133438110346507,3,66.66666666666666,1.1521381218998332,1.0358623886677076,0.28174109651837104,1.5,55,45,sma50,True,12,1.8,2.8
0.3565714263914277,9,44.44444444444444,1.2126676683887099,1.044524654920187,0.5912002238707347,1.5,55,45,sma50,False,3,1.2,1.8
1.3901159667967011,9,66.66666666666666,2.188676372027925,1.0339131079710517,2.2339690130173517,1.5,55,45,sma50,False,3,1.5,2.2
1.3901159667967011,9,66.66666666666666,2.188676372027925,1.0339131079710517,2.2339690130173517,1.5,55,45,sma50,False,3,1.8,2.8
0.6681606674192597,9,55.55555555555556,1.365192104563705,1.1829702224143368,1.0543825665572972,1.5,55,45,sma50,False,5,1.2,1.8
1.5980358314512833,7,71.42857142857143,3.353392513898819,0.536662305563862,2.6543868168293714,1.5,55,45,sma50,False,5,1.5,2.2
1.1441345405577286,7,71.42857142857143,2.0098842918377193,0.9841415744566984,1.8201171916816286,1.5,55,45,sma50,False,5,1.8,2.8
0.5039806556700333,7,42.857142857142854,1.3484140083019325,1.1404156028079981,0.7964918001107475,1.5,55,45,sma50,False,8,1.2,1.8
0.8349960327147521,5,40.0,1.7018640926232562,1.10744557294572,1.294341077342924,1.5,55,45,sma50,False,8,1.5,2.2
0.8349960327147521,5,40.0,1.7018640926232562,1.10744557294572,1.294341077342924,1.5,55,45,sma50,False,8,1.8,2.8
0.15355649948110006,6,33.33333333333333,1.0808021696795036,1.5548320080943423,0.24885256134162514,1.5,55,45,sma50,False,12,1.2,1.8
-0.3536959266663309,4,50.0,0.7376703151209151,1.518648867893213,-0.6007759316964706,1.5,55,45,sma50,False,12,1.5,2.2
-0.3536959266663309,4,50.0,0.7376703151209151,1.518648867893213,-0.6007759316964706,1.5,55,45,sma50,False,12,1.8,2.8
1.1989554214476117,8,50.0,1.9032782930506815,0.8293279713069701,1.8895725896846085,1.5,55,45,ema50,True,3,1.2,1.8
2.232499961852885,8,75.0,3.722086180659289,0.8209026529937047,3.5099594158558713,1.5,55,45,ema50,True,3,1.5,2.2
2.232499961852885,8,75.0,3.722086180659289,0.8209026529937047,3.5099594158558713,1.5,55,45,ema50,True,3,1.8,2.8
1.441772823333598,8,62.5,2.0186540820169054,1.0367293273828015,2.204033614566912,1.5,55,45,ema50,True,5,1.2,1.8
2.6099200439451797,7,85.71428571428571,8.915744324797194,0.38164009094240336,4.084416824619443,1.5,55,45,ema50,True,5,1.5,2.2
2.6099200439451797,7,85.71428571428571,8.915744324797194,0.38164009094240336,4.084416824619443,1.5,55,45,ema50,True,5,1.8,2.8
1.1976714324949844,7,57.14285714285714,1.8461894092338396,1.0392370902170822,1.823725819049665,1.5,55,45,ema50,True,8,1.2,1.8
1.5286868095397033,5,60.0,2.3194778624090597,1.0065680315884507,2.306167616880549,1.5,55,45,ema50,True,8,1.5,2.2
1.5286868095397033,5,60.0,2.3194778624090597,1.0065680315884507,2.306167616880549,1.5,55,45,ema50,True,8,1.8,2.8
1.301148567199606,6,50.0,1.9192989892982841,1.038172543421434,1.979702554349868,1.5,55,45,ema50,True,12,1.2,1.8
0.7938961410521639,4,75.0,1.919651555581898,0.9991496628344421,1.4297927022669867,1.5,55,45,ema50,True,12,1.5,2.2
0.7938961410521639,4,75.0,1.919651555581898,0.9991496628344421,1.4297927022669867,1.5,55,45,ema50,True,12,1.8,2.8
1.0191331863401487,10,50.0,1.6078352399402787,1.0078981169180157,1.5217315730038745,1.5,55,45,ema50,False,3,1.2,1.8
2.052677726745422,10,70.0,2.755227313008097,0.9976586667171605,3.0471785770873527,1.5,55,45,ema50,False,3,1.5,2.2
2.052677726745422,10,70.0,2.755227313008097,0.9976586667171605,3.0471785770873527,1.5,55,45,ema50,False,3,1.8,2.8
1.3307224273679807,10,60.0,1.7273240517398865,1.146508936720514,1.9268235833273313,1.5,55,45,ema50,False,5,1.2,1.8
2.2605975914000043,8,75.0,4.329132766508052,0.5003007954799688,3.458628011102511,1.5,55,45,ema50,False,5,1.5,2.2
1.8066963005064496,8,75.0,2.594702501607313,0.947780064372794,2.6525934348589537,1.5,55,45,ema50,False,5,1.8,2.8
1.1665424156187543,8,50.0,1.806458966841821,1.1404156028079981,1.6830587739006633,1.5,55,45,ema50,False,8,1.2,1.8
1.497557792663473,6,50.0,2.2587868685810584,1.10744557294572,2.1414653626312465,1.5,55,45,ema50,False,8,1.5,2.2
1.497557792663473,6,50.0,2.2587868685810584,1.10744557294572,2.1414653626312465,1.5,55,45,ema50,False,8,1.8,2.8
0.8161182594297989,7,42.857142857142854,1.4294453591988174,1.5183199651672474,1.145054848215034,1.5,55,45,ema50,False,12,1.2,1.8
0.30886583328237904,5,60.0,1.229080039113198,1.4819361420599586,0.5066139353766933,1.5,55,45,ema50,False,12,1.5,2.2
0.30886583328237904,5,60.0,1.229080039113198,1.4819361420599586,0.5066139353766933,1.5,55,45,ema50,False,12,1.8,2.8
0.51110937118517,7,42.857142857142854,1.3853923423580694,0.8661719898302778,0.8763856153362504,1.5,58,42,sma50,True,3,1.2,1.8
1.569938201904164,7,71.42857142857143,2.914224930308905,0.8571570942475959,2.693004716526565,1.5,58,42,sma50,True,3,1.5,2.2
1.569938201904164,7,71.42857142857143,2.914224930308905,0.8571570942475959,2.693004716526565,1.5,58,42,sma50,True,3,1.8,2.8
-0.15319284439098135,6,33.33333333333333,0.9100743689451628,1.0831746027488598,-0.24489750315725836,1.5,58,42,sma50,True,5,1.2,1.8
1.947358283996481,6,83.33333333333334,6.906230852034365,0.38164009094240336,3.3106381895743193,1.5,58,42,sma50,True,5,1.5,2.2
1.947358283996481,6,83.33333333333334,6.906230852034365,0.38164009094240336,3.3106381895743193,1.5,58,42,sma50,True,5,1.8,2.8
0.4078656768797817,6,50.0,1.2881688640153204,1.077144767978444,0.6964104192980114,1.5,58,42,sma50,True,8,1.2,1.8
0.3918032073973787,4,50.0,1.338182847758996,1.047919658564389,0.674826435742954,1.5,58,42,sma50,True,8,1.5,2.2
0.3918032073973787,4,50.0,1.338182847758996,1.047919658564389,0.674826435742954,1.5,58,42,sma50,True,8,1.8,2.8
0.3893321037291564,5,40.0,1.2750743600555419,1.0773428804805252,0.6654160488763229,1.5,58,42,sma50,True,12,1.2,1.8
0.13133438110346507,3,66.66666666666666,1.1521381218998332,1.0358623886677076,0.28174109651837104,1.5,58,42,sma50,True,12,1.5,2.2
0.13133438110346507,3,66.66666666666666,1.1521381218998332,1.0358623886677076,0.28174109651837104,1.5,58,42,sma50,True,12,1.8,2.8
0.51110937118517,7,42.857142857142854,1.3853923423580694,0.8661719898302778,0.8763856153362504,1.5,58,42,sma50,False,3,1.2,1.8
1.569938201904164,7,71.42857142857143,2.914224930308905,0.8571570942475959,2.693004716526565,1.5,58,42,sma50,False,3,1.5,2.2
1.569938201904164,7,71.42857142857143,2.914224930308905,0.8571570942475959,2.693004716526565,1.5,58,42,sma50,False,3,1.8,2.8
-0.15319284439098135,6,33.33333333333333,0.9100743689451628,1.0831746027488598,-0.24489750315725836,1.5,58,42,sma50,False,5,1.2,1.8
1.947358283996481,6,83.33333333333334,6.906230852034365,0.38164009094240336,3.3106381895743193,1.5,58,42,sma50,False,5,1.5,2.2
1.947358283996481,6,83.33333333333334,6.906230852034365,0.38164009094240336,3.3106381895743193,1.5,58,42,sma50,False,5,1.8,2.8
0.4078656768797817,6,50.0,1.2881688640153204,1.077144767978444,0.6964104192980114,1.5,58,42,sma50,False,8,1.2,1.8
0.3918032073973787,4,50.0,1.338182847758996,1.047919658564389,0.674826435742954,1.5,58,42,sma50,False,8,1.5,2.2
0.3918032073973787,4,50.0,1.338182847758996,1.047919658564389,0.674826435742954,1.5,58,42,sma50,False,8,1.8,2.8
0.3893321037291564,5,40.0,1.2750743600555419,1.0773428804805252,0.6654160488763229,1.5,58,42,sma50,False,12,1.2,1.8
0.13133438110346507,3,66.66666666666666,1.1521381218998332,1.0358623886677076,0.28174109651837104,1.5,58,42,sma50,False,12,1.5,2.2
0.13133438110346507,3,66.66666666666666,1.1521381218998332,1.0358623886677076,0.28174109651837104,1.5,58,42,sma50,False,12,1.8,2.8
-0.12165700912489807,8,37.5,0.9092927770690769,0.927626247393909,-0.20269302507489767,1.5,58,42,ema50,True,3,1.2,1.8
0.9371718215940961,8,62.5,2.122169265629219,0.9179717516838215,1.725765560264639,1.5,58,42,ema50,True,3,1.5,2.2
0.9371718215940961,8,62.5,2.122169265629219,0.9179717516838215,1.725765560264639,1.5,58,42,ema50,True,3,1.8,2.8
-0.21506246566783682,6,33.33333333333333,0.8737563231606785,1.144905221528414,-0.3509678523556075,1.5,58,42,ema50,True,5,1.2,1.8
1.8854886627196255,6,83.33333333333334,6.718583684591141,0.38164009094240336,3.1997410736464804,1.5,58,42,ema50,True,5,1.5,2.2
1.8854886627196255,6,83.33333333333334,6.718583684591141,0.38164009094240336,3.1997410736464804,1.5,58,42,ema50,True,5,1.8,2.8
0.34599605560292623,6,50.0,1.244456192194537,1.138531743701221,0.5931430141836065,1.5,58,42,ema50,True,8,1.2,1.8
0.32993358612052326,4,50.0,1.284780414297153,1.1093346644346802,0.5707458258182304,1.5,58,42,ema50,True,8,1.5,2.2
0.32993358612052326,4,50.0,1.284780414297153,1.1093346644346802,0.5707458258182304,1.5,58,42,ema50,True,8,1.8,2.8
0.3274624824523009,5,40.0,1.2313616882347587,1.1387411467259079,0.5622175490569375,1.5,58,42,ema50,True,12,1.2,1.8
0.0694647598266096,3,66.66666666666666,1.0804681760362453,1.0974457910835511,0.156190684198909,1.5,58,42,ema50,True,12,1.5,2.2
0.0694647598266096,3,66.66666666666666,1.0804681760362453,1.0974457910835511,0.156190684198909,1.5,58,42,ema50,True,12,1.8,2.8
-0.12165700912489807,8,37.5,0.9092927770690769,0.927626247393909,-0.20269302507489767,1.5,58,42,ema50,False,3,1.2,1.8
0.9371718215940961,8,62.5,2.122169265629219,0.9179717516838215,1.725765560264639,1.5,58,42,ema50,False,3,1.5,2.2
0.9371718215940961,8,62.5,2.122169265629219,0.9179717516838215,1.725765560264639,1.5,58,42,ema50,False,3,1.8,2.8
-0.21506246566783682,6,33.33333333333333,0.8737563231606785,1.144905221528414,-0.3509678523556075,1.5,58,42,ema50,False,5,1.2,1.8
1.8854886627196255,6,83.33333333333334,6.718583684591141,0.38164009094240336,3.1997410736464804,1.5,58,42,ema50,False,5,1.5,2.2
1.8854886627196255,6,83.33333333333334,6.718583684591141,0.38164009094240336,3.1997410736464804,1.5,58,42,ema50,False,5,1.8,2.8
0.34599605560292623,6,50.0,1.244456192194537,1.138531743701221,0.5931430141836065,1.5,58,42,ema50,False,8,1.2,1.8
0.32993358612052326,4,50.0,1.284780414297153,1.1093346644346802,0.5707458258182304,1.5,58,42,ema50,False,8,1.5,2.2
0.32993358612052326,4,50.0,1.284780414297153,1.1093346644346802,0.5707458258182304,1.5,58,42,ema50,False,8,1.8,2.8
0.3274624824523009,5,40.0,1.2313616882347587,1.1387411467259079,0.5622175490569375,1.5,58,42,ema50,False,12,1.2,1.8
0.0694647598266096,3,66.66666666666666,1.0804681760362453,1.0974457910835511,0.156190684198909,1.5,58,42,ema50,False,12,1.5,2.2
0.0694647598266096,3,66.66666666666666,1.0804681760362453,1.0974457910835511,0.156190684198909,1.5,58,42,ema50,False,12,1.8,2.8
0.5013936614990167,7,42.857142857142854,1.3721365657849771,0.88102504347638,0.8771240914937002,2.0,52,48,sma50,True,3,1.2,1.8
1.53493820190429,7,71.42857142857143,2.8490045424298693,0.8720727637437475,2.630891570715967,2.0,52,48,sma50,True,3,1.5,2.2
1.53493820190429,7,71.42857142857143,2.8490045424298693,0.8720727637437475,2.630891570715967,2.0,52,48,sma50,True,3,1.8,2.8
0.744211063385003,7,57.14285714285714,1.5202925547203772,1.088234119304865,1.2475115715415594,2.0,52,48,sma50,True,5,1.2,1.8
1.917358283996573,6,83.33333333333334,6.728373287952332,0.3866400909423806,3.2569647961104,2.0,52,48,sma50,True,5,1.5,2.2
1.917358283996573,6,83.33333333333334,6.728373287952332,0.3866400909423806,3.2569647961104,2.0,52,48,sma50,True,5,1.8,2.8
0.5051096725463777,6,50.0,1.3531320815734431,1.0908129321420712,0.8488440780420293,2.0,52,48,sma50,True,8,1.2,1.8
0.8461250495910733,4,50.0,1.7240784768010213,1.0529928294706004,1.3943104047924424,2.0,52,48,sma50,True,8,1.5,2.2
0.8461250495910733,4,50.0,1.7240784768010213,1.0529928294706004,1.3943104047924424,2.0,52,48,sma50,True,8,1.8,2.8
0.6135868072509876,5,40.0,1.428970574604548,1.0896414458747006,1.0263861096477038,2.0,52,48,sma50,True,12,1.2,1.8
0.11633438110352223,3,66.66666666666666,1.1339860300914584,1.040942870590178,0.2512900526535076,2.0,52,48,sma50,True,12,1.5,2.2
0.11633438110352223,3,66.66666666666666,1.1339860300914584,1.040942870590178,0.2512900526535076,2.0,52,48,sma50,True,12,1.8,2.8
-0.2971078872680666,10,40.0,0.8721816416768774,1.6741241978443178,-0.45605597884184307,2.0,52,48,sma50,False,3,1.2,1.8
1.1661980628967283,10,70.0,1.7964605199409636,1.2345966345359671,1.804675543824147,2.0,52,48,sma50,False,3,1.5,2.2
1.1661980628967283,10,70.0,1.7964605199409636,1.2345966345359671,1.804675543824147,2.0,52,48,sma50,False,3,1.8,2.8
0.1805484962463355,9,44.44444444444444,1.0905443893383377,1.6455566971452562,0.30733837645121026,2.0,52,48,sma50,False,5,1.2,1.8
1.1064284896850518,7,71.42857142857143,1.965771315881445,0.9969135559616205,1.7596369190015109,2.0,52,48,sma50,False,5,1.5,2.2
1.1064284896850518,7,71.42857142857143,1.965771315881445,0.9969135559616205,1.7596369190015109,2.0,52,48,sma50,False,5,1.8,2.8
-0.5124541854858444,8,37.5,0.7906585169475231,2.099315610929897,-0.7632337627243071,2.0,52,48,sma50,False,8,1.2,1.8
0.27534568786620195,6,33.33333333333333,1.158305267661917,1.6169786609259829,0.4242294020128292,2.0,52,48,sma50,False,8,1.5,2.2
0.27534568786620195,6,33.33333333333333,1.158305267661917,1.6169786609259829,0.4242294020128292,2.0,52,48,sma50,False,8,1.8,2.8
-0.4039770507812457,7,28.57142857142857,0.8349722622529948,2.097061036074188,-0.5963612054612903,2.0,52,48,sma50,False,12,1.2,1.8
-0.594626502990725,4,50.0,0.6234678539113166,1.7486851816205573,-1.0112248114677795,2.0,52,48,sma50,False,12,1.5,2.2
-0.594626502990725,4,50.0,0.6234678539113166,1.7486851816205573,-1.0112248114677795,2.0,52,48,sma50,False,12,1.8,2.8
1.1589554214477493,8,50.0,1.8601817764229576,0.8443912297271816,1.825792417615087,2.0,52,48,ema50,True,3,1.2,1.8
2.1924999618530228,8,75.0,3.641111142920344,0.8358111938379986,3.443387861961959,2.0,52,48,ema50,True,3,1.5,2.2
2.1924999618530228,8,75.0,3.641111142920344,0.8358111938379986,3.443387861961959,2.0,52,48,ema50,True,3,1.8,2.8
1.4017728233337357,8,62.5,1.9800068814787146,1.0517656233760775,2.141714742149427,2.0,52,48,ema50,True,5,1.2,1.8
2.5749200439453057,7,85.71428571428571,8.69293007022346,0.3866400909423806,4.025378922888934,2.0,52,48,ema50,True,5,1.5,2.2
2.5749200439453057,7,85.71428571428571,8.69293007022346,0.3866400909423806,4.025378922888934,2.0,52,48,ema50,True,5,1.8,2.8
1.1626714324951104,7,57.14285714285714,1.8128464083317808,1.0542580159992987,1.7699494190011658,2.0,52,48,ema50,True,8,1.2,1.8
1.503686809539806,5,60.0,2.2867923661680667,1.016548468351508,2.267665750549242,2.0,52,48,ema50,True,8,1.5,2.2
1.503686809539806,5,60.0,2.2867923661680667,1.016548468351508,2.267665750549242,2.0,52,48,ema50,True,8,1.8,2.8
1.271148567199698,6,50.0,1.8886849013628855,1.0531257881427947,1.9334815125648819,2.0,52,48,ema50,True,12,1.2,1.8
0.7738961410522549,4,75.0,1.8913209548123122,1.004226490104454,1.393687076756341,2.0,52,48,ema50,True,12,1.5,2.2
0.7738961410522549,4,75.0,1.8913209548123122,1.004226490104454,1.393687076756341,2.0,52,48,ema50,True,12,1.8,2.8
0.3604538726806661,11,45.45454545454545,1.1550703439107688,1.6374903840951305,0.5493233148697355,2.0,52,48,ema50,False,3,1.2,1.8
1.823759822845461,11,72.72727272727273,2.2455454548971883,1.1983350646302293,2.6144453084972206,2.0,52,48,ema50,False,3,1.5,2.2
1.823759822845461,11,72.72727272727273,2.2455454548971883,1.1983350646302293,2.6144453084972206,2.0,52,48,ema50,False,3,1.8,2.8
0.8381102561950682,10,50.0,1.4203091298076258,1.6090882012164687,1.247315075922727,2.0,52,48,ema50,False,5,1.2,1.8
1.7639902496337845,8,75.0,2.5397390798168833,0.9605430819061178,2.5881047707185223,2.0,52,48,ema50,False,5,1.5,2.2
1.7639902496337845,8,75.0,2.5397390798168833,0.9605430819061178,2.5881047707185223,2.0,52,48,ema50,False,5,1.8,2.8
0.14510757446288824,9,44.44444444444444,1.059277562171563,2.0627606947871246,0.2264961661774857,2.0,52,48,ema50,False,8,1.2,1.8
0.9329074478149346,7,42.857142857142854,1.5363590923635397,1.5805342998068905,1.2918224383796268,2.0,52,48,ema50,False,8,1.5,2.2
0.9329074478149346,7,42.857142857142854,1.5363590923635397,1.5805342998068905,1.2918224383796268,2.0,52,48,ema50,False,8,1.8,2.8
0.2535847091674759,8,37.5,1.103591307477035,2.0605453783422822,0.3789019361315573,2.0,52,48,ema50,False,12,1.2,1.8
0.06293525695801883,5,60.0,1.0398521546682822,1.7119688011348333,0.11832370781295518,2.0,52,48,ema50,False,12,1.5,2.2
0.06293525695801883,5,60.0,1.0398521546682822,1.7119688011348333,0.11832370781295518,2.0,52,48,ema50,False,12,1.8,2.8
0.5013936614990167,7,42.857142857142854,1.3721365657849771,0.88102504347638,0.8771240914937002,2.0,55,45,sma50,True,3,1.2,1.8
1.53493820190429,7,71.42857142857143,2.8490045424298693,0.8720727637437475,2.630891570715967,2.0,55,45,sma50,True,3,1.5,2.2
1.53493820190429,7,71.42857142857143,2.8490045424298693,0.8720727637437475,2.630891570715967,2.0,55,45,sma50,True,3,1.8,2.8
0.744211063385003,7,57.14285714285714,1.5202925547203772,1.088234119304865,1.2475115715415594,2.0,55,45,sma50,True,5,1.2,1.8
1.917358283996573,6,83.33333333333334,6.728373287952332,0.3866400909423806,3.2569647961104,2.0,55,45,sma50,True,5,1.5,2.2
1.917358283996573,6,83.33333333333334,6.728373287952332,0.3866400909423806,3.2569647961104,2.0,55,45,sma50,True,5,1.8,2.8
0.5051096725463777,6,50.0,1.3531320815734431,1.0908129321420712,0.8488440780420293,2.0,55,45,sma50,True,8,1.2,1.8
0.8461250495910733,4,50.0,1.7240784768010213,1.0529928294706004,1.3943104047924424,2.0,55,45,sma50,True,8,1.5,2.2
0.8461250495910733,4,50.0,1.7240784768010213,1.0529928294706004,1.3943104047924424,2.0,55,45,sma50,True,8,1.8,2.8
0.6135868072509876,5,40.0,1.428970574604548,1.0896414458747006,1.0263861096477038,2.0,55,45,sma50,True,12,1.2,1.8
0.11633438110352223,3,66.66666666666666,1.1339860300914584,1.040942870590178,0.2512900526535076,2.0,55,45,sma50,True,12,1.5,2.2
0.11633438110352223,3,66.66666666666666,1.1339860300914584,1.040942870590178,0.2512900526535076,2.0,55,45,sma50,True,12,1.8,2.8
0.3115714263915992,9,44.44444444444444,1.1830984922492458,1.069563004832097,0.5188169101922893,2.0,55,45,sma50,False,3,1.2,1.8
1.3451159667968726,9,66.66666666666666,2.135631224315384,1.058694951441519,2.160234919384966,2.0,55,45,sma50,False,3,1.5,2.2
1.3451159667968726,9,66.66666666666666,2.135631224315384,1.058694951441519,2.160234919384966,2.0,55,45,sma50,False,3,1.8,2.8
0.783342189788816,9,55.55555555555556,1.4636717349217552,1.1527199438770563,1.2384102783944895,2.0,55,45,sma50,False,5,1.2,1.8
1.5630358314514092,7,71.42857142857143,3.2684419277948056,0.5466555508717663,2.594440918558546,2.0,55,45,sma50,False,5,1.5,2.2
1.1091345405578545,7,71.42857142857143,1.9704255361863665,0.994245133980165,1.7639339314708735,2.0,55,45,sma50,False,5,1.8,2.8
0.46898065567015923,7,42.857142857142854,1.3197960081680724,1.1554515702212886,0.7422983715814814,2.0,55,45,sma50,False,8,1.2,1.8
0.8099960327148548,5,40.0,1.6723725577205097,1.1174359773964415,1.2557632083351695,2.0,55,45,sma50,False,8,1.5,2.2
0.8099960327148548,5,40.0,1.6723725577205097,1.1174359773964415,1.2557632083351695,2.0,55,45,sma50,False,8,1.8,2.8
0.12355649948119218,6,33.33333333333333,1.0643389162227386,1.574786557841834,0.20433999080498622,2.0,55,45,sma50,False,12,1.2,1.8
-0.37369592666626206,4,50.0,0.724877221846534,1.5287547745288177,-0.6356980889913623,2.0,55,45,sma50,False,12,1.5,2.2
-0.37369592666626206,4,50.0,0.724877221846534,1.5287547745288177,-0.6356980889913623,2.0,55,45,sma50,False,12,1.8,2.8
1.1589554214477493,8,50.0,1.8601817764229576,0.8443912297271816,1.825792417615087,2.0,55,45,ema50,True,3,1.2,1.8
2.1924999618530228,8,75.0,3.641111142920344,0.8358111938379986,3.443387861961959,2.0,55,45,ema50,True,3,1.5,2.2
2.1924999618530228,8,75.0,3.641111142920344,0.8358111938379986,3.443387861961959,2.0,55,45,ema50,True,3,1.8,2.8
1.4017728233337357,8,62.5,1.9800068814787146,1.0517656233760775,2.141714742149427,2.0,55,45,ema50,True,5,1.2,1.8
2.5749200439453057,7,85.71428571428571,8.69293007022346,0.3866400909423806,4.025378922888934,2.0,55,45,ema50,True,5,1.5,2.2
2.5749200439453057,7,85.71428571428571,8.69293007022346,0.3866400909423806,4.025378922888934,2.0,55,45,ema50,True,5,1.8,2.8
1.1626714324951104,7,57.14285714285714,1.8128464083317808,1.0542580159992987,1.7699494190011658,2.0,55,45,ema50,True,8,1.2,1.8
1.503686809539806,5,60.0,2.2867923661680667,1.016548468351508,2.267665750549242,2.0,55,45,ema50,True,8,1.5,2.2
1.503686809539806,5,60.0,2.2867923661680667,1.016548468351508,2.267665750549242,2.0,55,45,ema50,True,8,1.8,2.8
1.271148567199698,6,50.0,1.8886849013628855,1.0531257881427947,1.9334815125648819,2.0,55,45,ema50,True,12,1.2,1.8
0.7738961410522549,4,75.0,1.8913209548123122,1.004226490104454,1.393687076756341,2.0,55,45,ema50,True,12,1.5,2.2
0.7738961410522549,4,75.0,1.8913209548123122,1.004226490104454,1.393687076756341,2.0,55,45,ema50,True,12,1.8,2.8
0.9691331863403319,10,50.0,1.5695221389929028,1.0329291910828986,1.4470165395423857,2.0,55,45,ema50,False,3,1.2,1.8
2.0026777267456053,10,70.0,2.690786084525525,1.0224333815357811,2.9698888066186884,2.0,55,45,ema50,False,3,1.5,2.2
2.0026777267456053,10,70.0,2.690786084525525,1.0224333815357811,2.9698888066186884,2.0,55,45,ema50,False,3,1.8,2.8
1.4409039497375487,10,60.0,1.8528921880366576,1.1527199438770563,2.0943608853122986,2.0,55,45,ema50,False,5,1.2,1.8
2.220597591400142,8,75.0,4.222764686344182,0.5102850768162637,3.3941027079002994,2.0,55,45,ema50,False,5,1.5,2.2
1.7666963005065872,8,75.0,2.545752243758685,0.9578746599246624,2.5921391427342755,2.0,55,45,ema50,False,5,1.8,2.8
1.126542415618892,8,50.0,1.7681847069622159,1.1554515702212886,1.6251033732482671,2.0,55,45,ema50,False,8,1.2,1.8
1.4675577926635652,6,50.0,2.218210394622079,1.1174359773964415,2.097916883629484,2.0,55,45,ema50,False,8,1.5,2.2
1.4675577926635652,6,50.0,2.218210394622079,1.1174359773964415,2.097916883629484,2.0,55,45,ema50,False,8,1.8,2.8
0.7811182594299249,7,42.857142857142854,1.4067475403117553,1.5382709001099282,1.0964887417046643,2.0,55,45,ema50,False,12,1.2,1.8
0.2838658332824817,5,60.0,1.2089879795379057,1.4920383940430937,0.46711214165697473,2.0,55,45,ema50,False,12,1.5,2.2
0.2838658332824817,5,60.0,1.2089879795379057,1.4920383940430937,0.46711214165697473,2.0,55,45,ema50,False,12,1.8,2.8
0.47610937118529595,7,42.857142857142854,1.353667726132184,0.8812463528580894,0.8172468366822666,2.0,58,42,sma50,True,3,1.2,1.8
1.53493820190429,7,71.42857142857143,2.8490045424298693,0.8720727637437475,2.630891570715967,2.0,58,42,sma50,True,3,1.5,2.2
1.53493820190429,7,71.42857142857143,2.8490045424298693,0.8720727637437475,2.630891570715967,2.0,58,42,sma50,True,3,1.8,2.8
-0.18319284439086703,6,33.33333333333333,0.893711930431702,1.0983052779014124,-0.29636227882430183,2.0,58,42,sma50,True,5,1.2,1.8
1.917358283996573,6,83.33333333333334,6.728373287952332,0.3866400909423806,3.2569647961104,2.0,58,42,sma50,True,5,1.5,2.2
1.917358283996573,6,83.33333333333334,6.728373287952332,0.3866400909423806,3.2569647961104,2.0,58,42,sma50,True,5,1.8,2.8
0.3778656768798738,6,50.0,1.2641733078661213,1.092190303340912,0.6463378598290724,2.0,58,42,sma50,True,8,1.2,1.8
0.37180320739746975,4,50.0,1.3181736555515098,1.0579511967213628,0.641179566943948,2.0,58,42,sma50,True,8,1.5,2.2
0.37180320739746975,4,50.0,1.3181736555515098,1.0579511967213628,0.641179566943948,2.0,58,42,sma50,True,8,1.8,2.8
0.36433210372925906,5,40.0,1.2547117213680485,1.092337004161148,0.623717979187895,2.0,58,42,sma50,True,12,1.2,1.8
0.11633438110352223,3,66.66666666666666,1.1339860300914584,1.040942870590178,0.2512900526535076,2.0,58,42,sma50,True,12,1.5,2.2
0.11633438110352223,3,66.66666666666666,1.1339860300914584,1.040942870590178,0.2512900526535076,2.0,58,42,sma50,True,12,1.8,2.8
0.47610937118529595,7,42.857142857142854,1.353667726132184,0.8812463528580894,0.8172468366822666,2.0,58,42,sma50,False,3,1.2,1.8
1.53493820190429,7,71.42857142857143,2.8490045424298693,0.8720727637437475,2.630891570715967,2.0,58,42,sma50,False,3,1.5,2.2
1.53493820190429,7,71.42857142857143,2.8490045424298693,0.8720727637437475,2.630891570715967,2.0,58,42,sma50,False,3,1.8,2.8
-0.18319284439086703,6,33.33333333333333,0.893711930431702,1.0983052779014124,-0.29636227882430183,2.0,58,42,sma50,False,5,1.2,1.8
1.917358283996573,6,83.33333333333334,6.728373287952332,0.3866400909423806,3.2569647961104,2.0,58,42,sma50,False,5,1.5,2.2
1.917358283996573,6,83.33333333333334,6.728373287952332,0.3866400909423806,3.2569647961104,2.0,58,42,sma50,False,5,1.8,2.8
0.3778656768798738,6,50.0,1.2641733078661213,1.092190303340912,0.6463378598290724,2.0,58,42,sma50,False,8,1.2,1.8
0.37180320739746975,4,50.0,1.3181736555515098,1.0579511967213628,0.641179566943948,2.0,58,42,sma50,False,8,1.5,2.2
0.37180320739746975,4,50.0,1.3181736555515098,1.0579511967213628,0.641179566943948,2.0,58,42,sma50,False,8,1.8,2.8
0.36433210372925906,5,40.0,1.2547117213680485,1.092337004161148,0.623717979187895,2.0,58,42,sma50,False,12,1.2,1.8
0.11633438110352223,3,66.66666666666666,1.1339860300914584,1.040942870590178,0.2512900526535076,2.0,58,42,sma50,False,12,1.5,2.2
0.11633438110352223,3,66.66666666666666,1.1339860300914584,1.040942870590178,0.2512900526535076,2.0,58,42,sma50,False,12,1.8,2.8
-0.16165700912476044,8,37.5,0.8816744395265665,0.9427128211839553,-0.2749587712403167,2.0,58,42,ema50,True,3,1.2,1.8
0.8971718215942337,8,62.5,2.055318702706021,0.9328993790672091,1.6514602632226942,2.0,58,42,ema50,True,3,1.5,2.2
0.8971718215942337,8,62.5,2.055318702706021,0.9328993790672091,1.6514602632226942,2.0,58,42,ema50,True,3,1.8,2.8
-0.2450624656677225,6,33.33333333333333,0.857815317590164,1.1600451368531717,-0.4023878378877925,2.0,58,42,ema50,True,5,1.2,1.8
1.8554886627197176,6,83.33333333333334,6.543529229950131,0.3866400909423806,3.14634634637053,2.0,58,42,ema50,True,5,1.5,2.2
1.8554886627197176,6,83.33333333333334,6.543529229950131,0.3866400909423806,3.14634634637053,2.0,58,42,ema50,True,5,1.8,2.8
0.31599605560301836,6,50.0,1.220919041842044,1.1535864166379306,0.5431666026321107,2.0,58,42,ema50,True,8,1.2,1.8
0.3099335861206143,4,50.0,1.2652282178103007,1.119372299569965,0.5371635872979682,2.0,58,42,ema50,True,8,1.5,2.2
0.3099335861206143,4,50.0,1.2652282178103007,1.119372299569965,0.5371635872979682,2.0,58,42,ema50,True,8,1.8,2.8
0.3024624824524036,5,40.0,1.2114574553439714,1.153741364061478,0.520597248040074,2.0,58,42,ema50,True,12,1.2,1.8
0.054464759826666764,3,66.66666666666666,1.0627288070803935,1.1025324034670048,0.1258053833196508,2.0,58,42,ema50,True,12,1.5,2.2
0.054464759826666764,3,66.66666666666666,1.0627288070803935,1.1025324034670048,0.1258053833196508,2.0,58,42,ema50,True,12,1.8,2.8
-0.16165700912476044,8,37.5,0.8816744395265665,0.9427128211839553,-0.2749587712403167,2.0,58,42,ema50,False,3,1.2,1.8
0.8971718215942337,8,62.5,2.055318702706021,0.9328993790672091,1.6514602632226942,2.0,58,42,ema50,False,3,1.5,2.2
0.8971718215942337,8,62.5,2.055318702706021,0.9328993790672091,1.6514602632226942,2.0,58,42,ema50,False,3,1.8,2.8
-0.2450624656677225,6,33.33333333333333,0.857815317590164,1.1600451368531717,-0.4023878378877925,2.0,58,42,ema50,False,5,1.2,1.8
1.8554886627197176,6,83.33333333333334,6.543529229950131,0.3866400909423806,3.14634634637053,2.0,58,42,ema50,False,5,1.5,2.2
1.8554886627197176,6,83.33333333333334,6.543529229950131,0.3866400909423806,3.14634634637053,2.0,58,42,ema50,False,5,1.8,2.8
0.31599605560301836,6,50.0,1.220919041842044,1.1535864166379306,0.5431666026321107,2.0,58,42,ema50,False,8,1.2,1.8
0.3099335861206143,4,50.0,1.2652282178103007,1.119372299569965,0.5371635872979682,2.0,58,42,ema50,False,8,1.5,2.2
0.3099335861206143,4,50.0,1.2652282178103007,1.119372299569965,0.5371635872979682,2.0,58,42,ema50,False,8,1.8,2.8
0.3024624824524036,5,40.0,1.2114574553439714,1.153741364061478,0.520597248040074,2.0,58,42,ema50,False,12,1.2,1.8
0.054464759826666764,3,66.66666666666666,1.0627288070803935,1.1025324034670048,0.1258053833196508,2.0,58,42,ema50,False,12,1.5,2.2
0.054464759826666764,3,66.66666666666666,1.0627288070803935,1.1025324034670048,0.1258053833196508,2.0,58,42,ema50,False,12,1.8,2.8
